Timestamp,Name for Google Contacts,Which Course do you want to Learn ?,Student Name,Mobile No (Student),Mobile No (Father / Guardian),Student Address,Education Level,From Where Do You Know About Us ?,Presently What Are you Doing ?,Preferred Branch ,Preferred Days,Preferred Batch Time,Faculty,Receipt ID,Email Address,Date of Birth,Date of Admission,Mobile No (Mother / Guardian),Any Other Notes,Education Details,Student Photo,Admission Form Photo,Residential Area,Pincode,Coupons Given?
05/04/2024 11:34:30,Advait Vartak-Citylight-Web Designing,Web Designing,Advait Vartak (cancelled),6660007615,9991118986,,MBA,Hoarding ,Student,Citylight,"Tuesday, Thursday, Saturday",12:00 To 01:00,Trusha,377,"advaitvartak3638@example ,com",20/12/2017,05/04/2024,,,,,,Adajan,395009,
06/04/2024 14:20:25,Sanya Bhide-Citylight-Data Analysis ,Data Analysis ,Sanya Bhide,7770006238,,"G-186, Mocklight Apartments, Adajan",MBA,Old students,Business / Job,Citylight,"Monday, Wednesday, Friday, Tuesday, Thursday, Saturday",05:00 To 06:00,Trusha,136,"sanyabhide6213@example ,com",26/02/1979,05/04/2024,,,,https://drive.google.com/open?id=1XHonW-gqLB93OG2NDBSXEWWOOFS4jVKI,,Bhatar,0194520,
05/04/2024 14:22:25,Ananya Nadkarni-Citylight-Computer Accounting ,Computer Accounting ,Ananya Nadkarni ,+155501086,+155501041,"B-857, Synthetic Square, Althan",Bcom,Friends,NA,Citylight,All Days,11:00 To 12:00,Trusha Mam,140 & 141,ananyanadkarni913@example.com,13/07/1982,05/04/2024,6660049076,Fastrack,,,,Vesu,395006,
12/04/2024 11:20:05,Avni Godbole-Citylight-Web Designing,Web Designing,Avni Godbole,8882230421,6660004769,"G-129, Stub Sankul, New citylight",11,Walk in,Job,Citylight,All Days,06:00 To 07:00,Mansi mam,141,avnigodbole677@example.com,,10/04/2024,,,,,https://drive.google.com/file/d/1GeedcKKHpqlE1roxnOq0Db5rnH3u-SR7/view?usp=drivesdk,Althan,395001,
12/04/2024 18:39:13,Darsh Lele-Citylight-Basic Graphic Designing (Online),Basic Graphic Designing (Online),Darsh Lele,8880021881,6660056905,"F-324, Sample Heights, Varachha",12,Old student ,Business / Job,Citylight,"Tuesday, Thursday, Saturday",11:00 To 12:00,Siddharth Sir,143,,,11/04/2024,,,,,https://drive.google.com/file/d/1hMTo4BKpcVDS8bzO8ePEhzVWzVQqAM2l/view?usp=drivesdk,Pal,395001,
15/04/2024 15:40:20,Namra Yardi-Pal-12th Computer Science (6 months),12th Computer Science (6 months),Namra Yardi,6660023134,9991119595,"D-907, Specimen Skyline, Umra",9,Family,Business / Job,Pal,All Days,03:00 To 04:00,Mansi Mam,378,,04/01/1994,15/04/2024,6660007242,,,,,Adajan,395006,
09/05/2024 10:46:59,Tanvi Velankar-Citylight-Computer Accounting,Computer Accounting,Tanvi Velankar,88-82261029,8880025508,"A-1041, Testvan Residency, Bhatar",Graduate,Old student ,Housewife ,Citylight,"Monday, Wednesday, Friday, Tuesday, Thursday, Saturday",10:00 To 11:00,Trusha mam,0145,NA,18/05/2013,07/05/2024,,,,https://drive.google.com/file/d/1IJx1cx03jhMuj8aThx00OB0BvikXkgvH/view?usp=drivesdk,,Pandesara,394210,
14/05/2024 17:27:33,Siddhi Khaparde-Vesu-Digital Marketing & SEO (M-1),Digital Marketing & SEO (M-1),Siddhi Khaparde,9991109383,,"C-218, Sample Heights, Palanpur",9,Family,Student ,Vesu,"Monday, Wednesday, Friday",06:00 To 07:00,subin sir,199,"siddhikhaparde9464@example ,com",23/04/2017,14/05/2024,7770027182,,,https://drive.google.com/file/d/1wZqW4hb0OeQoGnKOMMcTGdofc__Zr-MC/view?usp=drive_link,https://drive.google.com/file/d/1zyl7OU_KKuYRmJ6ssxas099ymHzggOu7/view?usp=drivesdk,Pandesara,394510,
15/05/2024 17:31:41,Rudra Ahluwalia-Citylight-Advance Excel 1&2,Advance Excel 1&2,Rudra Ahluwalia,8880085013,,"C-1151, Testvan Residency, Palanpur",MBA,Old student ,Housewife,Citylight,All Days,12:00 To 01:00,Siddharth sir,147,rudraahluwalia8990@example.com,24/05/1960,15/05/2024,,,,,https://drive.google.com/file/d/1MkbH8scj0Y56R8EtyUYm-LJkmUWxZd92/view?usp=drivesdk,Piplod,395007,
18/05/2024 17:04:03,Krupa Velankar-NA-C & C++,C & C++,krupa velankar,999008699,,,10,Friend ,Housewife,NA,"Monday, Wednesday, Friday",04:00 To 05:00,Yash k,149,,,18/05/2024,,,,,https://drive.google.com/file/d/1oFuoLFMvOtF8_3HowM3vR0euJJpgqSij/view?usp=drivesdk,Piplod,39500,
20/05/2024 14:31:16,Keya Kelkar-Vesu-C Programming,C Programming,Keya Kelkar,7770072744,"8880047855, 9990048850","G-389, Mocklight Apartments, Vesu",NA,old student,Student,Vesu,All Days,"12:00 To 01:00, 12:00 To 01:00",vansh sir,150,"keyakelkar1538@example ,com",01/03/2007,20/05/2024,8880072410,,,,https://drive.google.com/open?id=1wGXXKf22uodhgvC-cnJOcPmjwLiWDV_K,Pal,394210,
30/05/2024 20:28:21,Anish Bhide-Vesu-Computer Accounting,Computer Accounting,Anish Bhide,8880010942,6660067103,"B-958, Stub Sankul, Adajan",12th completed ,Old student ,Student,Vesu,"Tuesday, Thursday, Saturday",04:00 To 05:00,Yash Kanodia Sir,203,anishbhide7942@example.com,11/10/1993,29/05/2024,9991198910,,,,https://drive.google.com/file/d/1y_BEqUk6C90sWlZs4TKsfg_qa_ZH9Ogi/view?usp=drive_link,Bhatar,39500,
06/06/2024 9:40:36,Riddhi Chandorkar-Pal-Advanced Computer Accounting module 2,Advanced Computer Accounting module 2,riddhi chandorkar,9990096049,,"G-911, Sample Heights, Adajan",NA,Hoarding ,Teacher,Pal,"Monday, Wednesday, Friday, Tuesday, Thursday, Saturday",05:00 To 06:00,Mansi Mam,380,riddhichandorkar6067@example com,Given,06/06/2024,"7770012626, 7770064821",,,,https://drive.google.com/file/d/1B-Yeaw_0ifvkihfrWuEV2HW6eTvjvQzs/view?usp=drive_link,Althan,305007,
09/06/2024 18:35:20,Rachit Hardikar-Citylight-C Programming (M-1),C Programming (M-1),Rachit Hardikar ,8882206446,,,12th,Old students,Other ,Citylight,All Days,02:00 To 03:00,Subin sir,152,,-,09/06/2024,,,,https://drive.google.com/file/d/1RqDCtgRdP0rzHvsI0HsRlflHM9LAR0E3/view?usp=drivesdk,,Rander,395007,
12/06/2024 19:07:33,Radhika Bapat-Citylight-Web Designing (M-1),Web Designing (M-1),Radhika Bapat,6660077908,9991154560,"C-456, Specimen Skyline, Varachha",Graduation ,old student,Job,Citylight,"Tuesday, Thursday, Saturday",11:00 To 12:00,Yash Sir,154,radhikabapat6209@example.com,01/02/1992,12/06/2024,+155501035,,,,https://drive.google.com/open?id=1TMz3qBe9NF8OR1aDkU9NRYtz3Qv2drqk,Rander,395006,
12/06/2024 17:44:26,Keya Kelkar-NA-Advanced Graphic Designing (6 mths),Advanced Graphic Designing (6 mths),Keya Kelkar,,8880047855,"G-389, Mocklight Apartments, Vesu",MBA,Old Enquiry,NA,NA,"Monday, Wednesday, Friday, Tuesday, Thursday, Saturday",10:00 To 11:00,Mansi Mam,204,"keyakelkar1538@example ,com",01/03/2007,12/06/2024,08880072410,,,,https://drive.google.com/file/d/1xFvQgj9j2tGt-qzBAoHJ9wVyNmoYrwMl/view?usp=drive_link,Pal,394210,
15/06/2024 20:52:57,Shaurya Wadekar-Vesu-Core Python Programming,Core Python Programming,Shaurya Wadekar,8880004714,6660096144,"A-418, Demo Enclave, Jahangirpura",10,Walkin,Business / Job,Vesu,"Monday, Wednesday, Friday, Tuesday, Thursday, Saturday",11:00 To 12:00,Vansh Sir,209,shauryawadekar7337@example.com,,13/06/2024,,,,,https://drive.google.com/open?id=1KEtJGcu0vye15WcLQ-peGDQdsNcwiopT,Katargam,395005,
17/06/2024 18:26:56,Devansh Limaye-Pal-Combo Course (Computer Basics & Advanced Excel with Power BI),Combo Course (Computer Basics & Advanced Excel with Power BI),Devansh Limaye,8880018606,6660071501,"G-384, Stub Sankul, Citylight",Graduation ,Social media,Student,Pal,"Monday, Wednesday, Friday",03:00 To 04:00,vansh sir,382,devanshlimaye4@example.com,14/03/1986,16/06/2024,,,,https://drive.google.com/file/d/11nkdpAYnuEmPEn84NnJuQPKrLD8Uh02q/view?usp=drivesdk,https://drive.google.com/file/d/13c6SeIBzLQlM-t_XbIdJwF3ksYERG9Hn/view?usp=drive_link,Udhna,395005,
16/06/2024 18:28:25,Anish Bhide-Pal-Advanced Excel (M-1 & M-2),Advanced Excel (M-1 & M-2),anish bhide,8880010942,6660067103,"B-958, Stub Sankul, Adajan",NA,Internet ,NA,Pal,All Days,05:00 To 06:00,Yash Sir,384,anishbhide7942@example.com,11/10/1993,16/06/2024,9991198910,,,https://drive.google.com/file/d/1SKJUDoIOK_MWWoxPPNr0ChLWswlSPPTq/view?usp=drivesdk,,Bhatar,39500,
18/06/2024 14:08:14,Shreya Kelkar-Pal-Basic Computer Accounting module 2,Basic Computer Accounting module 2,Kelkar Shreya,9991127927,8882250474,"D-826, Example Estate, Pandesara",Graduate,NA,Job,Pal,All Days,07:00 To 08:00,Subin Sir,385,,,18/06/2024,"9991118011, 8882283705",,,,https://drive.google.com/open?id=16L3diJK3-38isS_3h9TJpT8Ja7Hg5ZYL,,0194520,
19/06/2024 11:14:04,Dhruv Tembe-Citylight-Diploma in Front End Development,Diploma in Front End Development,Dhruv Tembe,9991148965,7770091694,"G-374, Mocklight Apartments, Piplod",,Internet ,Freelance,Citylight,All Days,03:00 To 04:00,Trusha mam,155,,13/10/1993,19/06/2024,,,,,https://drive.google.com/file/d/1EMSubQox8j1nUAQn49stGdB4k6u-oOEa/view?usp=drive_link,,,
20/06/2024 9:23:37,Dhruv Tembe-Citylight-Social Media Marketing (DM-2),Social Media Marketing (DM-2),Dhruv Tembe,8880078664,9990083028,"E-353, Mocklight Apartments, Parle point",9th std,Social Media ,Student ,Citylight,All Days,04:00 To 05:00,Yash Kanodia Sir,158,,,19/06/2024,,,,,https://drive.google.com/file/d/1Xt5wNuetlrsWMok7x7iHLudYuz8eSk4W/view?usp=drivesdk,Pal,305007,
28/06/2024 12:00:31,Namra Sahasrabuddhe-Pal-Basic Computer Accounting,Basic Computer Accounting,Namra Sahasrabuddhe,8880042374,7770039655,"F-563, Dummy Darshan, Ghodhod road",10,Social Media ,Other ,Pal,"Monday, Wednesday, Friday, Tuesday, Thursday, Saturday",04:00 To 05:00,Vansh sir,386 & 387,namrasahasrabuddhe9031@example.com,,26/06/2024,,,,https://drive.google.com/file/d/1sGLm-DQy8ACtRV4gKsZ4kAuaFy-mZ3dW/view?usp=drivesdk,https://drive.google.com/open?id=18Lz7q0xyNhF6T4IFHPmxZavjDyK2Q-Ni,Piplod,395005,
28/06/2024 19:46:10,Tirth Ganvir-Pal-Social Media Marketing (DM-2),Social Media Marketing (DM-2),Tirth Ganvir,8882204991,7770015306,"G-526, Stub Sankul, Katargam",MBA,Relatives ,Freelance,Pal,"Monday, Wednesday, Friday, Tuesday, Thursday, Saturday",04:00 To 05:00,Yash Sir,388,tirthganvir2083@example.com,06/03/1988,28/06/2024,,,,,https://drive.google.com/file/d/1Tw6YKx1qDJXDaYyFGePpFt8Cet-ZQEva/view?usp=drivesdk,New citylight,395009,
30/06/2024 20:39:57,Arnav Bapat-Citylight-Video Editing,Video Editing,Arnav Bapat,9991120923,,"A-121, Notional Nivas, Vesu",9th std,Banner,Housewife,Citylight,All Days,01:00 To 02:00,Subin sir,160,arnavbapat1288@example.con,05/04/1982,30/06/2024,,,,https://drive.google.com/file/d/1iJFqeEeaxd0CZQWqjAHZS8RFmxR9Nlvf/view?usp=drive_link,https://drive.google.com/file/d/1Fkv8RTH128-ZEaYqolI2roeqVPTc6_Af/view?usp=drive_link,Citylight,395005,
09/07/2024 18:36:54,Vedant Tembe-Pal-12th Computer Science,12th Computer Science,Vedant Tembe,7770091034,,"D-1156, Notional Nivas, Pandesara",,Hoarding ,Other ,Pal,"Tuesday, Thursday, Saturday",07:00 To 08:00,Trusha Mam,390,,09/01/1991,08/07/2024,,,,https://drive.google.com/file/d/1vb7-LFpZsc09-TCOyFeSNaG0z115xV_Z/view?usp=drive_link,,Pandesara,395001,
08/07/2024 10:23:33,Mihir Bapat-Citylight-Social Media Marketing (DM-2),Social Media Marketing (DM-2),Mihir Bapat ,,,"A-772, Demo Enclave, Udhna",,Relatives ,NA,Citylight,"Monday, Wednesday, Friday",05:00 To 06:00,subin sir,163-1,mihirbapat3403@example.com,17/05/1998,08/07/2024,,,,,https://drive.google.com/file/d/15dNQw2MxikSl0WfyQkIz76zQLMikieiY/view?usp=drive_link,Katargam,,
09/07/2024 13:12:27,Darsh Chaphekar-Vesu-advanced computer accounting,advanced computer accounting,Darsh Chaphekar,6660089252,+916660003983,"A-446, Trial Towers, Varachha",12,NA,Housewife ,Vesu,"Tuesday, Thursday, Saturday",03:00 To 04:00,vansh sir,211,,16/08/1996,09/07/2024,,,,https://drive.google.com/file/d/1Z3bt5dgDsjy_WPV0AjiG0CDSa54X1XpU/view?usp=drive_link,,New citylight,395005,
11/07/2024 12:54:23,Zeel Jamdar-Citylight-Digital Marketing,Digital Marketing,ZEEL JAMDAR,8882260114,+919991116952,"E-1101, Notional Nivas, Ghodhod road",MBA,Family,Student ,Citylight,"Monday, Wednesday, Friday",04:00 To 05:00,Trusha,164,,17/06/1972,09/07/2024,6660067395,,,https://drive.google.com/open?id=1_ncTSFqwqBr7VCSDTJIOKjQAMflqLQU4,https://drive.google.com/open?id=1toZjZhv4jT3YrkjezEBfGFI0MbR0eMEW,Pandesara,305007,
10/07/2024 12:04:58,Jiya Dhond-Citylight-Video Editing,Video Editing,Jiya Dhond,9991154464,8880045977,"G-591, Sample Heights, Umra",BBA,Banner,Other ,Citylight,All Days,07:00 To 08:00,Trusha Mam,165,jiyadhond9116@example.com,,10/07/2024,,,,,https://drive.google.com/file/d/1qYdpUGPrqRuK7WDVuFVw-7uQfkYCm_4i/view?usp=drivesdk,Pandesara,305007,
14/07/2024 11:10:01,Tanvi Mhatre-Citylight-Advanced Excel (M-1 & M-2),Advanced Excel (M-1 & M-2),Tanvi Mhatre,888009222,8880020368,"D-478, Synthetic Square, Rander",12th completed ,Walk in,Housewife,Citylight,"Tuesday, Thursday, Saturday",04:00 To 05:00,SUBIN SIR,166,tanvimhatre2485@example.com,22/11/1989,14/07/2024,,,,https://drive.google.com/file/d/1dnkSCXph5A8c_mohNVIHutnpcQu3FvVK/view?usp=drive_link,https://drive.google.com/file/d/1a_Sw6fC4gFIqPK7RsBUPf3KlPYq0iJeg/view?usp=drivesdk,Magdalla,395007,
19/07/2024 11:20:02,Samarth Gokhale-Citylight-Social Media Marketing (DM-2),Social Media Marketing (DM-2),Samarth Gokhale,8880026097,9991169660,"B-1182, Proxy Paradise, Magdalla",9,Old Enquiry,,Citylight,"Tuesday, Thursday, Saturday",11:00 To 12:00,Siddharth sir,167,,04/05/1986,19/07/2024,,,,,,Adajan,0194520,
22/07/2024 16:58:58,Tanish Karnik-Pal-Advanced Computer Accounting,Advanced Computer Accounting,Tanish Karnik (Admission Cancelled),6660017906,6660068055,"F-167, Sandbox Sadan, Citylight",9th std,Walkin,student,Pal,"Monday, Wednesday, Friday","03:00 To 04:00, 01:00 To 02:00",vansh sir,392,,10/12/2016,21/07/2024,8882234871,,,,,Pandesara,395017,
23/07/2024 12:40:46,Lakshya Gokhale-Citylight-Data Analysis,Data Analysis,Lakshya Gokhale,9991158546,,"G-496, Stub Sankul, Umra",Na,Walk in,Student ,Citylight,"Monday, Wednesday, Friday",10:00 To 11:00,Siddharth Sir,168,lakshyagokhale8893@example.com,,22/07/2024,,,,https://drive.google.com/file/d/1HIIHyimdd7hanJWYSO0pzhNVeGQ9Id3b/view?usp=drivesdk,,,394510,
28/07/2024 9:07:40,Charvi Limaye-Citylight-Adobe Photoshop,Adobe Photoshop,Charvi Limaye,9991138721,8880028245,"G-369, Fixture Villa, New citylight",,Social media,Other ,Citylight,All Days,01:00 To 02:00,Trusha Mam,212,,03/09/2017,28/07/2024,,,,,,Katargam,394210,
04/08/2024 10:33:04,Namra Sahasrabuddhe-Vesu-Full Stack Development,Full Stack Development,Namra Sahasrabuddhe,8880042374,7770039655,"F-563, Dummy Darshan, Ghodhod road",,Walk in,Housewife ,Vesu,"Monday, Wednesday, Friday, Tuesday, Thursday, Saturday",11:00 To 12:00,Siddharth Sir,213,namrasahasrabuddhe9031@example.com,04/01/2010,04/08/2024,,,,,https://drive.google.com/file/d/1YhgiCKEH2IkYxJlQD-fn3OVzVoWRtBOe/view?usp=drivesdk,Piplod,395005,
08/08/2024 13:29:53,Manan Inamdar-Vesu-Web Designing,Web Designing,Manan Inamdar,+8199900762480,,"F-928, Fixture Villa, Piplod",9,Reference ,student,Vesu,"Tuesday, Thursday, Saturday",12:00 To 01:00,Trusha,215,,13/02/1996,08/08/2024,8880051777,,,https://drive.google.com/file/d/1LH0_hfeWwu4mocrFwdmk_6GOEXktUigB/view?usp=drive_link,,Citylight,0194520,
09/08/2024 16:01:48,Priya Kelkar-Pal-diploma in front end development,diploma in front end development,Priya Kelkar,6660097814,9990050028,"D-619, Proxy Paradise, Rander",BBA,google,NA,Pal,All Days,05:00 To 06:00,Mansi Mam,217,priyakelkar545@example.com,11/12/1990,09/08/2024,,Fastrack,,,,Citylight,305007,
14/08/2024 18:23:07,Ishan Sathaye-Citylight-Core Python Programming,Core Python Programming,Ishan Sathaye (admission cancelled all refunded),9991141116,7770000460,,10th completed,Internet ,Business / Job,Citylight,All Days,06:00 To 07:00,Trusha mam,173,ishansathaye4697@example.com,,13/08/2024,,,,https://drive.google.com/file/d/1g5R0BDlkkFrMWj0QW3z8lGuseVdCqScE/view?usp=drivesdk,https://drive.google.com/file/d/17dnIxP7k_4z4cae6GKmWV8CkOMTAH9bj/view?usp=drive_link,Rander,395005,
19/08/2024 9:04:06,Jainam Bhide-Citylight-Computer Basics & Scratch Programming (6 months),Computer Basics & Scratch Programming (6 months),JAINAM BHIDE ,6660047369,,"G-846, Example Estate, Pal",10th completed,old student,Job,Citylight,"Monday, Wednesday, Friday",01:00 To 02:00,Trusha mam,174,jainambhide3680@example.com,25/02/1986,19/08/2024,+919990049094,,,,,Udhna,395006,
23/08/2024 9:58:28,Advait Vartak-Pal-Web Designing,Web Designing,Advait Vartak,6660007615,9991118986,,B.C.A,Hoarding ,Freelance,Pal,"Tuesday, Thursday, Saturday",05:00 To 06:00,Trusha mam,395,"advaitvartak3638@example ,com",20/12/2017,21/08/2024,,,,https://drive.google.com/file/d/1Ctqpldd568kJNb3ryIx_MZ9i5IAY6_sa/view?usp=drivesdk,,Adajan,395009,
29/08/2024 17:38:56,Manan Inamdar-Pal-Advanced Certificate in Python Development & Generative AI,Advanced Certificate in Python Development & Generative AI,Manan Inamdar,9990076248,,"F-928, Fixture Villa, Piplod",Diploma,Old student ,Teacher,Pal,All Days,12:00 To 01:00,subin sir,396,,13/02/1996,29/08/2024,8880051777,,,https://drive.google.com/file/d/1N4IC6Q3pItRHZLQqjSw3jPRUxeVXviER/view?usp=drive_link,https://drive.google.com/file/d/1W3qW4BaMIKsUckcIxGiM7Dak1Sy5KI_1/view?usp=drive_link,Citylight,0194520,
07/09/2024 15:24:11,Keya Talpade-Citylight-POWER BI,POWER BI,Keya Talpade,6660078329,88822454438,"E-680, Faux Fortune, Bhatar",BBA,Social media,Job,Citylight,"Monday, Wednesday, Friday",01:00 To 02:00,Trusha mam,176,keyatalpade877@example.com,04/03/1993,06/09/2024,,,,https://drive.google.com/open?id=1zchg3ZJapC9Oge_JHSCZ3aD0kVpxbQkU,https://drive.google.com/open?id=1jOsjtekVZberdonsE4NO7rI5ZY2TDKrC,Althan,39500,
10/09/2024 10:33:49,Tanish Joglekar-Citylight-10th std school course,10th std school course,Tanish Joglekar ,9991123712,8880043904,"B-492, Example Estate, Adajan",B.C.A,google,Business / Job,Citylight,"Monday, Wednesday, Friday",03:00 To 04:00,Siddharth sir,177,tanishjoglekar3356@example.com,09/12/1980,10/09/2024,,,,,,Citylight,395001,
25/09/2024 10:17:02,Riddhi Phadke-Pal-Advanced Excel (M-1 & M-2),Advanced Excel (M-1 & M-2),Riddhi Phadke,8882298393,8880051477,"E-679, Trial Towers, Piplod",Post Graduation,Indiamart,Business / Job,Pal,"Monday, Wednesday, Friday",05:00 To 06:00,vansh sir,401,,18/04/2007,23/09/2024,,,,,,Pandesara,394510,
01/10/2024 16:23:33,Bhavya Paranjape-Citylight-C & C++,C & C++,Bhavya Paranjape,8882209985,9990078411,"B-160, Placeholder Palace, Udhna",Post Graduation,Banner,Student ,Citylight,All Days,11:00 To 12:00,Vansh sir,403,bhavyaparanjape8540@example.com,18/11/1974,29/09/2024,8880014301,,,,https://drive.google.com/file/d/1dzDIg_8Mh2153h2oKv-BbdzmKCcGff9s/view?usp=drivesdk,,39500,
03/10/2024 15:55:51,Priya Hardikar-Vesu-COMPUTER BASICS & SCRATCH PROGRAMMING,COMPUTER BASICS & SCRATCH PROGRAMMING,Priya Hardikar,9991112168,,"G-315, Fixture Villa, Katargam",MBA,old student,Business,Vesu,"Monday, Wednesday, Friday",01:00 To 02:00,Yash Kanodia Sir,221,priyahardikar3160@example.com,19/06/2002,01/10/2024,,,,https://drive.google.com/file/d/1Oed63feEtMF5jfCHOV2BXsdb6Eq-0OGS/view?usp=drive_link,https://drive.google.com/file/d/1_H2EzkiMEM9vafu6B99yarKgm6cJgmL5/view?usp=drivesdk,Parle point,395017,
18/10/2024 13:12:41,Yashvi Lele-Vesu-UI & UX development,UI & UX development,Lele Yashvi,+918882278874,,,BBA,Friends,Student,Vesu,All Days,12:00 To 01:00,Trusha,no number,yashvilele4117@example.com,24/01/1985,17/10/2024,,,,https://drive.google.com/file/d/1-xjwpXj51VJT_WBwxLmc0qKMm1YdG38E/view?usp=drive_link,https://drive.google.com/file/d/1KHEmIlwyRomnHl_5GXX7M4ZbiyiG6GmM/view?usp=drive_link,Udhna,395006,
23/10/2024 16:18:11,Devansh Limaye-Pal-Data Analysis,Data Analysis,Limaye Devansh,8880018606,66600715016,"G-384, Stub Sankul, Citylight",Diploma,Internet ,Business,Pal,"Monday, Wednesday, Friday, Tuesday, Thursday, Saturday",07:00 To 08:00,Yash sir,405,devanshlimaye4@example.com,14/03/1986,21/10/2024,,,,https://drive.google.com/file/d/1JPiywWPg0KD29hwIWCRUBQO9ra2ib7_1/view?usp=drive_link,,Udhna,395005,
24/10/2024 20:09:19,Riddhi Chandorkar-Vesu-12th Computer Science,12th Computer Science,Riddhi Chandorkar,9990096049,,"G-911, Sample Heights, Adajan",9,Old Enquiry,Freelance,Vesu,"Monday, Wednesday, Friday",10:00 To 11:00,vansh sir,224,riddhichandorkar6067@example com,04/08/1984,22/10/2004,7770012626,,,https://drive.google.com/file/d/1m51NRXNDAy7KabjCM1xCw5ai9bO4hQTC/view?usp=drive_link,,Althan,305007,
27/10/2024 13:40:32,Parth Lele-Vesu-Power BI,Power BI,Parth Lele ,8880034618,999009348,"C-208, Synthetic Square, Umra",12th,Friends,Other ,Vesu,"Tuesday, Thursday, Saturday",11:00 To 12:00,Yash Sir,225,parthlele4487@example.com,17/05/1992,27/10/2024,,,,https://drive.google.com/file/d/1a_xU-HuQN6__qsyBoygckn7Wcplwuz8m/view?usp=drivesdk,https://drive.google.com/open?id=17LoTZtJHAw43pej-So7yOHJniArUdKL-,Vesu,0194520,
27/10/2024 11:10:21,Advait Paranjape-Pal-Advanced Certificate in Data Analytics & Data Science,Advanced Certificate in Data Analytics & Data Science,advait paranjape,8882203639,8882220227,,,google,Other ,Pal,"Tuesday, Thursday, Saturday",11:00 To 12:00,Trusha,407,advaitparanjape9310@example.com,,27/10/2024,8882207751,,,https://drive.google.com/file/d/1xdI3atb0JYdCTtmE_prMUG8uzMPHv7M1/view?usp=drivesdk,,Citylight,394210,
28/10/2024 14:26:56,Jiya Sahasrabuddhe-Pal-C & C++,C & C++,Jiya Sahasrabuddhe ,6660007654,,"A-1119, Faux Fortune, Vesu",Graduation ,Social media,Housewife,Pal,All Days,11:00 To 12:00,Trusha mam,410,jiyasahasrabuddhe2722@example.com,13/04/2016,27/10/2024,,,,https://drive.google.com/file/d/114REjgfW-FaVTAHBPySBRpna5UP8plNs/view?usp=drive_link,https://drive.google.com/open?id=1d0P08s6Cav4SzHj7-g-RYUrzpfRepAky,Umra,395009,
30/10/2024 9:00:20,Raghav Nadkarni-Vesu-Web Designing,Web Designing,Raghav Nadkarni,88800279696,6660034248,"G-1045, Example Estate, Citylight",Diploma,Google,Business,Vesu,"Monday, Wednesday, Friday",04:00 To 05:00,Siddharth Sir,227,raghavnadkarni5272@example.com,07/05/2002,30/10/2024,06660043458,,,https://drive.google.com/open?id=1zqpKBeCZbng0DGGOVkHa6rM_NVdd-bEE,https://drive.google.com/open?id=1EX4dyKn7Vpo_DX_4y2tSSQerYDi7REfK,,394210,
09/11/2024 9:44:05,Niyati Barhate-vesu-Advanced Python Programming (5 Modules),Advanced Python Programming (5 Modules),Niyati Barhate,9990062501,8880047416,,Bcom,Old student ,Job,vesu,All Days,02:00 To 03:00,vansh sir,no number,niyatibarhate2276@example.com,06/11/1998,08/11/2024,9990058813,,,,https://drive.google.com/file/d/1ck9hPwTlg9uHP-Q6rKBi-EYXbNu95Nuq/view?usp=drive_link,Adajan,,
12/11/2024 19:10:59,Aarav Jamdar-Pal-UI & UX development ,UI & UX development ,aarav jamdar,9991182813,9991110841,"C-595, Trial Towers, Umra",Bcom,Hoarding ,student,Pal,All Days,04:00 To 05:00,Vansh sir,180,,03/08/2016,11/11/2024,,,,https://drive.google.com/file/d/1eA6FV2iKHlW3OzzW1twSxptvQuLStRqw/view?usp=drive_link,https://drive.google.com/file/d/17G_c_Bcy_V4zjT-id3ioHpLTxAhGlD3P/view?usp=drive_link,Bhatar,395009,
13/11/2024 10:15:49,Tanish Nene-Vesu-python programming,python programming,TANISH NENE,8880025902,888009458,"C-1144, Mocklight Apartments, Katargam",,Old student ,Other ,Vesu,"Monday, Wednesday, Friday, Tuesday, Thursday, Saturday",05:00 To 06:00,Siddharth Sir,229,,,13/11/2024,,,,https://drive.google.com/open?id=1_zk0_kTO5xMxT0bfV3UNbI-z5XnYbmqe,,Vesu,395017,
14/11/2024 10:06:36,Sanya Bhide--Adobe Photoshop,Adobe Photoshop,Sanya Bhide,7770006238,,"G-186, Mocklight Apartments, Adajan",9th std,Relatives ,NA,,"Tuesday, Thursday, Saturday",04:00 To 05:00,Siddharth sir,231,"sanyabhide6213@example ,com",,14/11/2024,,,,,https://drive.google.com/file/d/1T_Lwh_sCahVmPQ7ozoqeGA7u4ZLBcJBe/view?usp=drive_link,Bhatar,0194520,
18/11/2024 12:29:48,Mihir Nadkarni-NA-Combo Course (Computer Basics & Advanced Excel with Power BI) (M-2 & M-3),Combo Course (Computer Basics & Advanced Excel with Power BI) (M-2 & M-3),Mihir Nadkarni,8882214637,,"E-832, Faux Fortune, Rander",9,old student,Other ,NA,"Monday, Wednesday, Friday, Tuesday, Thursday, Saturday",10:00 To 11:00,Vansh Sir,233,mihirnadkarni8624@example com,26/08/2000,16/11/2024,,,,https://drive.google.com/file/d/1bCaSRHsb00BNLQSs_TtrqHJ32HKsFRoj/view?usp=drive_link,,Citylight,395009,
17/11/2024 17:33:00,Krish Gokhale-citylight-Python Programming,Python Programming,Krish Gokhale,88822382117,9991136878,"G-401, Demo Enclave, Vesu",10,Indiamart,Teacher,citylight,"Monday, Wednesday, Friday, Tuesday, Thursday, Saturday",12:00 To 01:00,Trusha,0412,krishgokhale2532@example.com,07/06/1992,,,,,,https://drive.google.com/file/d/1xYgWNnHFcogB44WmS7hpN7YDsVmjCcV1/view?usp=drivesdk,Parle point,395009,
19/11/2024 12:34:56,Avni Paranjape-Pal-WEB DESIGNING,WEB DESIGNING,Avni Paranjape,9990072622,8880079382,"D-1101, Synthetic Square, New citylight",B.C.A,Reference ,NA,Pal,"Monday, Wednesday, Friday, Tuesday, Thursday, Saturday",05:00 To 06:00,Yash k,413,,,18/11/2024,+916660059998,,,,https://drive.google.com/open?id=16dIn5IyLbab5dU_GgloNLbve8829x-lq,Katargam,305007,
26/11/2024 19:05:24,Naisha Kelkar-Vesu-11th IP ,11th IP ,Naisha Kelkar,7770034959,,"C-633, Notional Nivas, Citylight",9th std,Friend ,Student ,Vesu,All Days,04:00 To 05:00,Siddharth sir,234,,17/11/1975,25/11/2024,,,,https://drive.google.com/file/d/1_5bLzwZswdtx8zMoeX_Sc3sjwZewUxta/view?usp=drivesdk,https://drive.google.com/file/d/15_E-oSSGzjiySGoNG61V7rULWCzyHs4B/view?usp=drivesdk,Pal,0194520,
30/11/2024 19:58:58,Niyati Marathe-Vesu-Data Analysis,Data Analysis,Niyati Marathe,9990050279,99900806376,"B-1067, Proxy Paradise, Katargam",12,Social Media ,Other ,Vesu,"Monday, Wednesday, Friday",05:00 To 06:00,Mansi mam,235,,08/01/1981,28/11/2024,,,,https://drive.google.com/file/d/1Z5zch3Z84te-PNkwDCWjkwpJ8LFuVp_b/view?usp=drive_link,,Jahangirpura,395017,
30/11/2024 18:13:23,Charvi Kirloskar-Citylight-Advanced Graphic Designing (6 mths),Advanced Graphic Designing (6 mths),Charvi Kirloskar,8882272895,,"B-837, Sandbox Sadan, Citylight",,Old Enquiry,Business,Citylight,"Monday, Wednesday, Friday",11:00 To 12:00,Siddharth sir,183,,,29/11/2024,,,,,,Palanpur,0194520,
30/11/2024 20:38:09,Hetvi Gokhale-Citylight-Combo Course (Computer Basics & Advanced Excel with Power BI),Combo Course (Computer Basics & Advanced Excel with Power BI),Hetvi Gokhale,8882227279,9991120178,"C-938, Synthetic Square, Althan",12th completed ,NA,Housewife,Citylight,"Monday, Wednesday, Friday, Tuesday, Thursday, Saturday",03:00 To 04:00,Mansi mam,187,hetvigokhale2273@example.com,09/03/2016,30/11/2024,8880068531,,,https://drive.google.com/file/d/1cnAHzeuepp2_wZ2SP9UQH1g-ZpnJVYjK/view?usp=drivesdk,https://drive.google.com/open?id=1j3fVtmB88qQpW-A95g7_xrlg-DkykZN1,Jahangirpura,39500,
02/12/2024 13:43:17,Vansh-Citylight-C & C++ (Online),C & C++ (Online),vansh,6660023993,8880074997,"E-683, Proxy Paradise, Udhna",Graduate,Social media,Freelance,Citylight,"Tuesday, Thursday, Saturday",11:00 To 12:00,vansh sir,188,,07/01/1989,02/12/2024,,,,,https://drive.google.com/file/d/1Zr7aHpzExuBvA9B-oxT4CEAnaIzz08Rf/view?usp=drive_link,Piplod,395001,
04/12/2024 20:31:56,Priya Ranadive-Citylight-Data Analysis,Data Analysis,Priya Ranadive ,88822386169,9991188583,"C-592, Dummy Darshan, Parle point",BBA,Walkin,Student,Citylight,All Days,01:00 To 02:00,Siddharth Sir,189,,19/06/1987,04/12/2024,8882234977,,,,https://drive.google.com/open?id=1_wXEI0iD_y9sbF3jKbbq-FEi6ui4UcCz,Piplod,395017,
06/12/2024 19:56:56,Krupa Chaphekar-pal-Adobe Photoshop,Adobe Photoshop,Krupa Chaphekar,7770088166,9991154645,"A-817, Fixture Villa, Piplod",Bcom,,Job,pal,"Monday, Wednesday, Friday, Tuesday, Thursday, Saturday",01:00 To 02:00,Mansi mam,414,krupachaphekar2855@example.com,09/10/1998,06/12/0024,,,,https://drive.google.com/open?id=1jqcPPKWCv0k8qwvk4zaImNLsuBgfAQl5,https://drive.google.com/file/d/1BEYPVKFtrR00VjMGDQZ0m0xLMINtnjK-/view?usp=drive_link,Udhna,395006,
07/12/2024 10:12:15,Kavya Inamdar-citylight-CORE JAVA PROGRAMMING,CORE JAVA PROGRAMMING,Kavya Inamdar,+155501012,+919991164842,"F-988, Specimen Skyline, Bhatar",Diploma,Reference ,Job,citylight,"Monday, Wednesday, Friday, Tuesday, Thursday, Saturday",06:00 To 07:00,Vansh Sir,193,,11/12/1994,07/12/2024,,,,https://drive.google.com/open?id=1GW0828d1zOz7w-00oTOfZtBE5bXvA59j,,Adajan,395001,
10/12/2024 13:28:00,Rudra Nene-Pal-Advanced Certificate in Data Analytics & Data Science,Advanced Certificate in Data Analytics & Data Science,Rudra Nene,9991159261,9991110624,"F-182, Synthetic Square, Pandesara",MBA,Google,Housewife,Pal,"Monday, Wednesday, Friday, Tuesday, Thursday, Saturday",12:00 To 01:00,Trusha,415,rudranene7224@example.com,15/09/2015,10/12/2024,,,,,https://drive.google.com/open?id=1bHC7RPGS8a9zcBhN3fhKHvViwx7C6uw2,Pandesara,395017,
23/12/2024 12:27:49,Priya Ranadive-Vesu-Business Analytics (Module 2),Business Analytics (Module 2),Priya Ranadive,8882238616,9991188583,"C-592, Dummy Darshan, Parle point",12th,Relatives ,Business / Job,Vesu,"Tuesday, Thursday, Saturday",11:00 To 12:00,Yash Sir,240,,19/06/1987,21/12/2024,8882234977,,,https://drive.google.com/file/d/1x9rRRBxOcI6IrIYS1bXaG0kHbQDBE9hq/view?usp=drive_link,,Piplod,395017,
25/12/2024 18:02:06,Anish Deolekar-Citylight-Advanced Excel (M-1 & M-2),Advanced Excel (M-1 & M-2),Anish Deolekar,8880084127,,"A-1078, Example Estate, Citylight",10th completed,Social Media ,NA,Citylight,"Monday, Wednesday, Friday",07:00 To 08:00,Vansh sir,196,anishdeolekar3404@example.com,,23/12/2024,,,,https://drive.google.com/file/d/12paMLcLqedEfcMuAgnE5kHMR4qPkx0i3/view?usp=drivesdk,https://drive.google.com/file/d/1ty2gRbV-O6Et_1Y_Nn3Bwyeckr0N00e-/view?usp=drivesdk,Palanpur,395001,
25/12/2024 16:33:38,Jiya Kelkar-Vesu-Advanced Excel (M-1 & M-2),Advanced Excel (M-1 & M-2),Jiya Kelkar (Admission Cancelled),8880051744,,"C-1040, Placeholder Palace, Vesu",11,Google,Student,Vesu,"Monday, Wednesday, Friday, Tuesday, Thursday, Saturday",11:00 To 12:00,Yash k,242,,06/11/2004,25/12/2024,,,,,https://drive.google.com/open?id=1dq2iqwjlxZmxgNacbTg-rzwnc3sTp5r0,Magdalla,395005,
27/12/2024 14:31:30,Shaurya Chitnis-Pal-10th std school course,10th std school course,Shaurya Chitnis ,9990076486,8880080213---6660017896,"F-201, Sample Heights, Vesu",11,Friends,,Pal,All Days,04:00 To 05:00,Mansi Mam,420,,03/08/2016,26/12/2024,8882266526,,,,https://drive.google.com/open?id=15cOh0Ec_eB-JMo5epdMG2KikE4N1fxLx,Rander,395009,
10/01/2025 9:27:04,Vedant Wagle-Citylight-10TH STD SCHOOL COURSE,10TH STD SCHOOL COURSE,Vedant Wagle ,9990014805,7770069386,"B-763, Sample Heights, Umra",12th completed ,,student,Citylight,"Tuesday, Thursday, Saturday",07:00 To 08:00,Siddharth Sir,197,vedantwagle8169@example.com,,08/01/2025,,,,https://drive.google.com/file/d/1pDq2ZPsPgr_f3iPpMtgidR-6Mur91ICf/view?usp=drive_link,https://drive.google.com/open?id=1O-frzCf-eX9VBg-ItKAVTWbYXPHeSaM8,Parle point,305007,
10/01/2025 11:18:21,Rachit Wadekar-Citylight-Social Media Marketing (DM-2),Social Media Marketing (DM-2),Rachit Wadekar,8880018276,,"G-489, Dummy Darshan, Pandesara",,Hoarding ,Housewife ,Citylight,"Monday, Wednesday, Friday, Tuesday, Thursday, Saturday",07:00 To 08:00,Yash sir,198,rachitwadekar6463@example.com,05/05/1996,10/01/2025,,,,,https://drive.google.com/open?id=1R6py1I2wpetLY_299BWmTWmJiOvVwmny,Ghodhod road,305007,
12/01/2025 10:37:05,Krish Nene-NA-Advanced Computer Accounting,Advanced Computer Accounting,Nene Krish,8880062428,6660002018,"F-433, Fixture Villa, Katargam",Na,Social media,Housewife,NA,"Monday, Wednesday, Friday",12:00 To 01:00,Yash Sir,243,,,12/01/2025,,,,,https://drive.google.com/file/d/1Oh4PKx6vVJc1mJR36UDKoCYRHYkkKltU/view?usp=drivesdk,Jahangirpura,0194520,
19/01/2025 20:21:13,Aarav Ranadive-Vesu-Basic Computer Accounting,Basic Computer Accounting,Aarav Ranadive,9990091911,,,10th completed,Old students,Business / Job,Vesu,All Days,03:00 To 04:00,Trusha,245,aaravranadive8591@example.com,,19/01/2025,8880053771,,,https://drive.google.com/file/d/1uJDiKoDp6mstfc8Jp0sD9uMD2ar3mTju/view?usp=drive_link,,Althan,395005,
20/01/2025 15:38:42,Charvi Chandorkar-pal-Basic Computer Accounting,Basic Computer Accounting,Charvi Chandorkar,7770083744,8880008648,"D-353, Demo Enclave, Pal",Post Graduation,Walkin,Student,pal,"Monday, Wednesday, Friday, Tuesday, Thursday, Saturday",12:00 To 01:00,Mansi Mam,247,,,19/01/2025,,,,,https://drive.google.com/file/d/165GI9vRIFqs7NV69KBRAzdb5af67xTFF/view?usp=drive_link,Ghodhod road,395001,
20/01/2025 15:58:14,Janvi Lele-Vesu-Advanced Computer Accounting,Advanced Computer Accounting,Janvi Lele ,7770081413,,,,google,student,Vesu,"Tuesday, Thursday, Saturday",10:00 To 11:00,Vansh Sir,248,janvilele4122@example.com,08/09/1980,20/01/2025,9990032000,,,https://drive.google.com/open?id=1ur3_tidapmGenAj-pf4X5V_PSHU9JI3P,https://drive.google.com/file/d/1roIesTwPnWBzzK8xrzo-sNyhbHpJMThD/view?usp=drive_link,Bhatar,394210,
22/01/2025 13:07:58,Sachi Jamdar-Vesu-Combo Course (Computer Basics & Advanced Excel with Power BI) ,Combo Course (Computer Basics & Advanced Excel with Power BI) ,Jamdar Sachi,8882290782,8880011146,,11th ,Family,Student ,Vesu,All Days,02:00 To 03:00,Mansi mam,250,,12/08/1976,21/01/2025,,,,https://drive.google.com/file/d/1_kmjJDoCb0yD__sxxs0nNb2leCtiVtUY/view?usp=drivesdk,,Umra,,
26/01/2025 15:59:40,Raghav Nadkarni-Vesu-Python Programming,Python Programming,Raghav Nadkarni ,8880027969,6660034248,"G-1045, Example Estate, Citylight",Graduate,Friend ,Housewife ,Vesu,"Monday, Wednesday, Friday",03:00 To 04:00,Yash k,251,raghavnadkarni5272@example.com,07/05/2002,25/01/2025,6660043458,,,https://drive.google.com/open?id=1IkIxHsKLnt0HUA3UEzh6uvSYCl3i3-f6,,,394210,
25/01/2025 20:15:31,Pranav Karnik-Citylight-C Programming,C Programming,Pranav Karnik,7770065086,6660090697,"G-1152, Placeholder Palace, Varachha",Bcom,Google,Student,Citylight,All Days,04:00 To 05:00,vansh sir,201,"pranavkarnik3526@example ,com",11/09/1996,25/01/2025,9991105587,,,,,Pal,,
30/01/2025 16:00:07,Devansh Bapat-Pal-Canva,Canva,Devansh Bapat,7770080872,,"C-529, Proxy Paradise, Jahangirpura",Graduation ,google,Teacher,Pal,"Tuesday, Thursday, Saturday",07:00 To 08:00,Subin sir,421,,13/12/1997,28/01/2025,"8880012447, 6660092032",DOB: 11/11/2015,,,https://drive.google.com/file/d/1RQ8GRMqvvmkIUHYv65ZHhyt6W874GrVn/view?usp=drivesdk,Rander,395005,
02/02/2025 12:01:12,Mihir Nadkarni-Citylight-Python Programming,Python Programming,Mihir Nadkarni (admission Cenceled) ,8882214637,,"E-832, Faux Fortune, Rander",NA,google,Housewife,Citylight,"Monday, Wednesday, Friday, Tuesday, Thursday, Saturday",04:00 To 05:00,Subin sir,203,mihirnadkarni8624@example com,,02/02/2025,,,BBA,https://drive.google.com/open?id=1W8XjZIua74AN823dvE8QpebQAUGcS2uu,https://drive.google.com/file/d/1_OwRBz5w7MV1l3QS-Jtjf61s0VfoqnhW/view?usp=drive_link,Citylight,395009,
07/02/2025 9:23:32,Bhavya Deolekar-Vesu-Core Java Programming,Core Java Programming,Deolekar Bhavya ,8880084912,7770068046,,10th completed,Friends,Business / Job,Vesu,"Monday, Wednesday, Friday",06:00 To 07:00,Yash sir,252,,23/07/1979,05/02/2025,,,8th std,,,Jahangirpura,39500,
07/02/2025 18:44:54,Tanvi Karnik-Citylight-Core Python Programming,Core Python Programming,tanvi karnik,+155501008,8880099735,"F-1046, Fixture Villa, Magdalla",12,Walkin,Housewife,Citylight,All Days,04:00 To 05:00,subin sir,204,,09/03/2001,07/02/2025,,,8th std,https://drive.google.com/file/d/1ZlPKTg99DSjIfimO04W8r1gxbiGysrmF/view?usp=drivesdk,https://drive.google.com/file/d/1SwkkYdvw37OjTs87w6dT8W9SCknG83Wx/view?usp=drivesdk,Umra,395007,
11/02/2025 17:17:20,Dhruv Sathaye-Pal-Python Programmig,Python Programmig,Dhruv Sathaye (admission cancelled all refunded),6660028515,8882211370,,10th completed,Friends,Business / Job,Pal,"Tuesday, Thursday, Saturday",04:00 To 05:00,Vansh sir,422,,,11/02/2025,,,Graduation ,https://drive.google.com/file/d/1jjC20ZuRCcT5waQS7mFyaOkMvzWmC_5E/view?usp=drivesdk,https://drive.google.com/file/d/11AmQyrW76R2x0oN5zpK70nVNFR6R2bmh/view?usp=drive_link,Pal,,
13/02/2025 12:06:36,Anish Bhide-Vesu-Video Editing,Video Editing,anish bhide,8880010942,6660067103,"B-958, Stub Sankul, Adajan",BBA,Old student ,Business,Vesu,"Tuesday, Thursday, Saturday",01:00 To 02:00,Mansi Mam,253,anishbhide7942@example.com,,11/02/2025,9991198910,,8th std,https://drive.google.com/file/d/1zCjN5w8Js-Fk0W_lbhG4BK4crnjn0vA-/view?usp=drivesdk,,Bhatar,39500,
18/02/2025 14:57:23,Vedant Karnik-Vesu-Basic Computer Accounting,Basic Computer Accounting,Vedant Karnik,6660039587,,"F-609, Testvan Residency, Ghodhod road",9th std,Friend ,Other ,Vesu,"Tuesday, Thursday, Saturday",06:00 To 07:00,vansh sir,254,vedantkarnik9882@example.com,08/02/2003,16/02/2025,6660020582,,Bcom,https://drive.google.com/file/d/1exswMg4sfSr95HT_b9sp5Cpe2fu9gP5K/view?usp=drive_link,,Citylight,395001,
20/02/2025 11:09:40,Krish Gokhale-Pal-Basic Computer Accounting module 2,Basic Computer Accounting module 2,Krish Gokhale ,8882238211,9991136878,"G-401, Demo Enclave, Vesu",BBA,Hoarding ,Job,Pal,"Tuesday, Thursday, Saturday",02:00 To 03:00,Subin Sir,423,krishgokhale2532@example.com,07/06/1992,18/02/2025,,,12th commerce,https://drive.google.com/file/d/12_5wZA3kQb_RIuRWyN6bePQuBLMAcc6p/view?usp=drive_link,https://drive.google.com/file/d/1zg4WCFnNS7tZABGZxSW9QN8Vt6uHnqck/view?usp=drivesdk,Parle point,395009,
26/02/2025 20:46:51,Shaurya Kelkar-Vesu-Canva (M-1),Canva (M-1),Shaurya Kelkar,888226479,8882228624,"G-830, Mocklight Apartments, Pal",Bcom,old student,Job,Vesu,"Monday, Wednesday, Friday, Tuesday, Thursday, Saturday",10:00 To 11:00,Mansi mam,256,,17/11/1996,25/02/2025,,,12th commerce,https://drive.google.com/file/d/1J4R0hpXcAVuFvRmrR6J-I3HmyxkAX1ZQ/view?usp=drivesdk,https://drive.google.com/file/d/1EMb39xVbvGAxPclvmsyGdqb3yQCvQAEB/view?usp=drive_link,Varachha,395009,
07/03/2025 13:21:45,Manan Dandekar-Citylight-Computer Basics & Scratch Programming,Computer Basics & Scratch Programming,Manan Dandekar,8882225563,06660044131,,9,NA,Housewife ,Citylight,"Tuesday, Thursday, Saturday",11:00 To 12:00,Mansi Mam,205,manandandekar1483@example.com,24/02/1997,07/03/2025,6660070274,,BBA,,https://drive.google.com/open?id=1D6AhTiiP_ArLXOzTIxfq1ElfnwW4kkae,Citylight,395006,
19/03/2025 9:23:02,Urvi Godbole-Vesu-Computer Basics,Computer Basics,Urvi Godbole,7770082876,,,11,Friends,Teacher,Vesu,All Days,12:00 To 01:00,Mansi mam,257,urvigodbole5431@example.com,17/04/2009,19/03/2025,,,Graduation ,https://drive.google.com/open?id=1Z_EnPNKGYIyaZCBbTNjRIv7XfRFcVLvx,https://drive.google.com/open?id=1b1jYnMeM34kLWVDrNU9xXMRIkVq-xR4d,Pal,395005,
21/03/2025 16:03:11,Krupa Velankar-Vesu-Core Java Programming,Core Java Programming,Krupa Velankar ,+919990086996,,,12,Old Enquiry,Job,Vesu,"Tuesday, Thursday, Saturday",07:00 To 08:00,Vansh Sir,260,,,20/03/2025,,,,,,Piplod,39500,
24/03/2025 19:48:17,Aarav Jamdar-Vesu-Advanced Graphic Designing (6 mths) (with zero module),Advanced Graphic Designing (6 mths) (with zero module),Aarav Jamdar,9991182813,9991110841,"C-595, Trial Towers, Umra",Na,google,Housewife ,Vesu,"Monday, Wednesday, Friday, Tuesday, Thursday, Saturday",10:00 To 11:00,Mansi mam,424,,,22/03/2025,6660018337,,Bcom,,,Bhatar,395009,
26/03/2025 11:45:52,Namra Yardi-Pal-Diploma in Front End Development (m-1),Diploma in Front End Development (m-1),Namra Yardi,6660023134,9991119595,"D-907, Specimen Skyline, Umra",10,,NA,Pal,"Monday, Wednesday, Friday, Tuesday, Thursday, Saturday",10:00 To 11:00,vansh sir,427,,04/01/1994,25/03/2025,+8166600072424,,10th completed ,,https://drive.google.com/file/d/1-oPoUAkyIlvMCAnxSnmN8WmgeAJ8iqSE/view?usp=drivesdk,Adajan,395006,
05/04/2025 10:34:37,Khushi Dhond-NA-Python Programming,Python Programming,Khushi Dhond,09991116760,+155501001,,Diploma,Relatives ,Job,NA,"Monday, Wednesday, Friday, Tuesday, Thursday, Saturday",06:00 To 07:00,Yash k,262,khushidhond9412@example.com,09/09/2013,05/04/2025,6660033568,,10th completed ,https://drive.google.com/open?id=1fIXYCZqahfkImDnRd0a2rHD-ECmeS3MI,https://drive.google.com/file/d/1wgl3Vqvt9k4WDMrZ_WUFV4og4M8n5WlR/view?usp=drive_link,Palanpur,395006,
09/04/2025 9:40:46,Isha Khaparde-vesu-Graphic Designing,Graphic Designing,Isha Khaparde,6660081069,7770068415,"F-817, Specimen Skyline, Citylight",9th std,Family,Student ,vesu,"Monday, Wednesday, Friday, Tuesday, Thursday, Saturday",05:00 To 06:00,vansh sir,429,ishakhaparde8885@example.com,,09/04/2025,8882286422,,10th completed ,https://drive.google.com/open?id=1fCokKHFCLuruI1e_WM2FNB0xJVnaaRHn,https://drive.google.com/open?id=1i3H2xKTHs56kA3krB0dE_tNHROqWfFjQ,Rander,395006,
12/04/2025 15:46:24,Sachi Paranjape-Vesu-10th std school course (m-1),10th std school course (m-1),Sachi Paranjape ,7770061170,08882222077,,Graduation ,Banner,Business / Job,Vesu,All Days,06:00 To 07:00,Mansi mam,264,sachiparanjape7654@example.com,25/12/1985,12/04/2025,,,8th std,,https://drive.google.com/file/d/1dM4ArAKWgW_mbutyCXvbaGhFw7m-6pG0/view?usp=drivesdk,Katargam,394510,
15/04/2025 20:56:40,Devansh Chaphekar-Pal-Core Java Programming,Core Java Programming,Devansh Chaphekar,9990010550,06660034903,"A-473, Sandbox Sadan, Piplod",12,Relatives ,student,Pal,"Monday, Wednesday, Friday",02:00 To 03:00,Siddharth sir,430,,06/03/1994,14/04/2025,,,Bcom,,https://drive.google.com/file/d/1C1Qy1Rb8T39hIbZJthaH9JK3BooGFOb9/view?usp=drivesdk,Vesu,395001,
15/04/2025 13:29:16,Tirth Tembe-Pal-Scratch Programming,Scratch Programming,Tirth Tembe,7770030231,9991161252,"F-1068, Example Estate, Citylight",12,NA,Other ,Pal,All Days,01:00 To 02:00,Mansi Mam,0432,,,15/04/0025,9990036531,,,,,Varachha,395005,
16/04/2025 9:37:57,Yashvi Lele-Pal-COMBO COURSE (COMPUTER BASICS & ADVANCED EXCEL WITH POWER BI),COMBO COURSE (COMPUTER BASICS & ADVANCED EXCEL WITH POWER BI),Lele Yashvi,8882278874,,,12,Social media,Job,Pal,"Tuesday, Thursday, Saturday",04:00 To 05:00,Vansh sir,433,yashvilele4117@example.com,24/01/0085,16/04/2025,,,,https://drive.google.com/file/d/1WSf4gfJoi3EclW_vBWdbbWzc1X-zFJNS/view?usp=drive_link,https://drive.google.com/open?id=13-rm8C56flFjRh4ymyhUOLn3T5UqKsij,Udhna,395006,
17/04/2025 19:30:13,Pooja Inamdar-Vesu-C & C++,C & C++,Pooja Inamdar ,7770076925,7770018090,"C-1028, Notional Nivas, Udhna",12th,Walkin,Teacher,Vesu,"Tuesday, Thursday, Saturday",10:00 To 11:00,Mansi mam,265,,12/06/1993,17/04/2025,,,BBA,https://drive.google.com/file/d/1H3A5ZJwcD97OWzqN9hDsGu0NZbsq8J5a/view?usp=drive_link,https://drive.google.com/open?id=1Q_jDfWq02KXWSIxYzcGeHwJM3UmmCS2b,Rander,395001,
21/04/2025 10:24:05,Dhruv Tembe-Vesu-Advanced Certificate in Python Development & Generative AI,Advanced Certificate in Python Development & Generative AI,Dhruv Tembe,88800786648,9990083028,"E-353, Mocklight Apartments, Parle point",Graduate,Old Enquiry,Business,Vesu,"Monday, Wednesday, Friday, Tuesday, Thursday, Saturday",02:00 To 03:00,Siddharth sir,266,,,19/04/2025,,,Bcom,https://drive.google.com/file/d/1-iQ7ertnun_csaA0nfad1eCIAKjyUQMS/view?usp=drivesdk,https://drive.google.com/file/d/1msgO4Jk6o6I5HQQ37kXztQcoWFPbj7OE/view?usp=drive_link,Pal,305007,
27/04/2025 18:26:12,Subin-Vesu-Advance Excel (Module 2),Advance Excel (Module 2),Subin,7770047704,9991139116,,10th completed,Old students,Business / Job,Vesu,"Tuesday, Thursday, Saturday",10:00 To 11:00,Siddharth sir,268,vanshganvir981@example com,26/09/1979,27/04/2025,9991171066,,Graduation ,,,Jahangirpura,395017,
16/05/2025 15:15:48,Vihaan Wagle-Vesu-Business Analytics,Business Analytics,Vihaan Wagle,6660005778,+918882214364,,Graduation ,Friend ,Other ,Vesu,"Monday, Wednesday, Friday, Tuesday, Thursday, Saturday",06:00 To 07:00,Yash sir,270,vihaanwagle6142@example.com,,16/05/2025,,,BBA,,https://drive.google.com/open?id=1QguTm90aCPpaldngDMz8ZHPE29qOQO_E,Varachha,0194520,
22/05/2025 9:44:50,Pooja Tembe-Pal-Combo Course (Computer Basics & Advanced Excel with Power BI),Combo Course (Computer Basics & Advanced Excel with Power BI),Pooja Tembe,8880064824,6660055259,"B-163, Demo Enclave, Althan",9th std,Old student ,Student ,Pal,"Monday, Wednesday, Friday",02:00 To 03:00,vansh sir,434-1,poojatembe6868@example.com,,20/05/2025,,,,,,,395006,
21/05/2025 16:00:21,Rudra Ahluwalia-Pal-Full Stack Development,Full Stack Development,Rudra Ahluwalia,8880085013,,"C-1151, Testvan Residency, Palanpur",B.C.A,Banner,Business,Pal,"Monday, Wednesday, Friday, Tuesday, Thursday, Saturday",02:00 To 03:00,SUBIN SIR,435,rudraahluwalia8990@example.com,24/05/1980,21/05/2025,,,10th completed ,https://drive.google.com/file/d/1i_oIcYgilgUcEMKXL9vp41oNzhemDdR7/view?usp=drivesdk,https://drive.google.com/file/d/1sSbwkDYUoXdwXfJfGeM2cYMVH75OL1az/view?usp=drivesdk,Piplod,395007,
25/05/2025 17:57:02,Priya Kelkar-Citylight-12th Computer Science (module 2 & 3),12th Computer Science (module 2 & 3),Priya Kelkar,6660097814,9990050028,"D-619, Proxy Paradise, Rander",10th completed,old student,,Citylight,All Days,02:00 To 03:00,Mansi Mam,no number,priyakelkar545@example.com,,25/05/2025,,,,,https://drive.google.com/file/d/1cfFVRotWDRmiFRM7oRvfDJe4bArIN9c_/view?usp=drive_link,Citylight,305007,
29/05/2025 10:46:12,Shaurya Ubhaykar-Vesu-UI & UX development,UI & UX development,Shaurya Ubhaykar,9990019103,,"B-1157, Demo Enclave, Jahangirpura",MBA,Old Enquiry,Student,Vesu,All Days,05:00 To 06:00,Siddharth Sir,271,,19/05/2004,29/05/2025,,,10th completed ,,,Citylight,0194520,
30/05/2025 19:30:16,Nidhi Oak-Citylight-11th IP module 2,11th IP module 2,Oak Nidhi,9991158876,,"E-417, Specimen Skyline, New citylight",NA,Walk in,Business,Citylight,All Days,01:00 To 02:00,Trusha Mam,208,nidhioak5966@example.com,,30/05/2025,7770070000,,BBA,,https://drive.google.com/open?id=1wMrUCBo2ZZxtqH-qdU3BjBa8tHLnh2CF,Althan,394510,
01/06/2025 11:45:40,Vansh Mhatre-Vesu-FULL STACK DEVELOPMENT,FULL STACK DEVELOPMENT,Vansh Mhatre,9991154120,666007145,"C-661, Sandbox Sadan, Umra",B.C.A,Banner,Student ,Vesu,"Tuesday, Thursday, Saturday",05:00 To 06:00,Yash Sir,272,vanshmhatre4396@example.com,12/11/2001,01/06/2025,8882269881,,10th completed ,,,New citylight,395005,
04/06/2025 20:12:47,Garv Dandekar-Citylight-Advanced Graphic Designing (6 mths),Advanced Graphic Designing (6 mths),Garv Dandekar,8882261762,,"E-825, Trial Towers, Rander",NA,Walkin,Job,Citylight,"Tuesday, Thursday, Saturday",07:00 To 08:00,Siddharth sir,209,garvdandekar2806@example.com,,04/06/2025,,,BBA,https://drive.google.com/file/d/1MLeSIs178Tfnt2TzjX5u2HF4qm4ZGFAp/view?usp=drive_link,https://drive.google.com/file/d/1qMZeAkGoznPuGUOzcnrBXPXvQEDwi1Ye/view?usp=drive_link,,395017,
14/06/2025 19:29:58,Tanish Karnik-Citylight-Computer Basics & Scratch Programming,Computer Basics & Scratch Programming,Tanish Karnik,666001790,6660068055,"F-167, Sandbox Sadan, Citylight",BBA,Internet ,Housewife ,Citylight,"Monday, Wednesday, Friday, Tuesday, Thursday, Saturday","02:00 To 03:00, 03:00 To 04:00",SUBIN SIR,212,,10/12/2016,14/06/2025,8882234871,,BBA,,,Pandesara,395017,
15/06/2025 11:52:47,Priya Chaphekar-Pal-ADVANCED EXCEL (M-1 & M-2),ADVANCED EXCEL (M-1 & M-2),Priya Chaphekar,7770025696,8880056776,"F-1009, Notional Nivas, Citylight",10th completed,NA,Other ,Pal,"Monday, Wednesday, Friday, Tuesday, Thursday, Saturday",07:00 To 08:00,vansh sir,438,,01/11/1999,15/06/2025,,,BBA,,https://drive.google.com/open?id=1vX7BhjmgNiMh3ypM2pAPZIlNMa87QdLT,Parle point,,
19/06/2025 15:21:28,Niyati Mahabal-Vesu-Basic Computer Accounting,Basic Computer Accounting,Niyati Mahabal (cancelled),9991163268,,"D-687, Proxy Paradise, Parle point",B.C.A,Family,Business / Job,Vesu,"Monday, Wednesday, Friday",01:00 To 02:00,Siddharth Sir,275,niyatimahabal704@example.com,,19/06/2025,,,10th completed ,https://drive.google.com/file/d/1d7V750TPhS6ZKgzt42Jxb1C2P0iu5J9Z/view?usp=drive_link,,Piplod,394210,
20/06/2025 15:48:11,Garv Velankar-Pal-C Programming (6 months),C Programming (6 months),Garv Velankar,6660051833,6660042284,"C-882, Trial Towers, Palanpur",Bcom,old student,Housewife,Pal,"Monday, Wednesday, Friday",03:00 To 04:00,Yash Sir,439,,01/05/1978,20/06/2025,,,BBA,https://drive.google.com/file/d/1PxZ_XBrxNDNqWl8lGNNJlXeodgCFYuee/view?usp=drivesdk,https://drive.google.com/file/d/10FPMnQv_tVJZeKsaQzJnddrsE0kU1PvX/view?usp=drivesdk,Adajan,395001,
27/06/2025 17:10:56,Dhruv Sathaye-Citylight-Advanced Certificate in Python Development & Generative AI,Advanced Certificate in Python Development & Generative AI,Dhruv Sathaye (admission cancelled all refunded),8880077844,,"C-500, Dummy Darshan, Katargam",MBA,Friend ,Business,Citylight,"Monday, Wednesday, Friday",06:00 To 07:00,Mansi Mam,440,,,26/06/2025,,,Graduation ,,https://drive.google.com/file/d/1pWE-wvnFPSBlF8vHg1qALvbFWVTsZmwf/view?usp=drive_link,Pal,394210,
30/06/2025 13:17:04,Vihaan Sahasrabuddhe-Vesu-Core Python Programming,Core Python Programming,Vihaan Sahasrabuddhe,8882256692,,"G-141, Testvan Residency, Palanpur",10th completed,,Business,Vesu,"Tuesday, Thursday, Saturday",12:00 To 01:00,Siddharth Sir,278,vihaansahasrabuddhe9254@example.con,12/05/1983,30/06/2025,9990013537,,12th commerce,,,Ghodhod road,395017,
07/07/2025 12:18:16,Ananya Nadkarni-Vesu-Kids Course (Module 2),Kids Course (Module 2),Ananya Nadkarni,8880069965,9990062901,"B-857, Synthetic Square, Althan",11th ,Internet ,Business,Vesu,"Tuesday, Thursday, Saturday",03:00 To 04:00,Vansh Sir,279,ananyanadkarni913@example.com,13/07/1982,06/07/2025,6660049076,,10th completed ,,,Vesu,395006,
09/07/2025 9:29:58,Rachit Hardikar-vesu-Video Editing ,Video Editing ,Rachit Hardikar ,6660022025,6660023675,"C-208, Fixture Villa, Udhna",MBA,Walk in,Student ,vesu,All Days,10:00 To 11:00,Siddharth sir,441,,,09/07/2025,,,12th commerce,https://drive.google.com/file/d/1cANpH0dIeTtuCTRO3TsnGlq5eU_zSdUV/view?usp=drive_link,,Vesu,395017,
11/07/2025 9:30:55,Ananya Inamdar-Vesu-Scratch Programming,Scratch Programming,Ananya Inamdar,9991124120,,,9th std,Banner,Teacher,Vesu,"Monday, Wednesday, Friday",12:00 To 01:00,Trusha,280,ananyainamdar1797@example.com,03/10/2011,10/07/2025,,,8th std,https://drive.google.com/file/d/1lCd7E1uESF1zpPINQZmO8_JV06ZnKyci/view?usp=drivesdk,https://drive.google.com/open?id=1tHIazf4MWOePOO7KyWeBa4TP9YAmk-9r,Palanpur,395001,
19/07/2025 10:40:18,Riddhi Chandorkar-Citylight-Digital Marketing & SEO,Digital Marketing & SEO,Riddhi Chandorkar ,9990096049,,"G-911, Sample Heights, Adajan",11,,Other ,Citylight,"Monday, Wednesday, Friday",07:00 To 08:00,Siddharth sir,213,riddhichandorkar6067@example com,04/08/1984,17/07/2025,+8177700126261,,10th completed ,,https://drive.google.com/file/d/1jKKu91MnSB8kAE4Lv2nWw6hYlRx-u15x/view?usp=drivesdk,Althan,305007,
20/07/2025 20:51:29,Pooja Lele-Vesu-Web Designing,Web Designing,Pooja Lele,8882225261,,"E-872, Dummy Darshan, Pandesara",10th completed,Reference ,Student,Vesu,"Monday, Wednesday, Friday, Tuesday, Thursday, Saturday",05:00 To 06:00,Vansh Sir,281,poojalele4391@example.com,25/06/1976,19/07/2025,7770014583,,,https://drive.google.com/open?id=1MDToCH2rtATsrjH7OW5zQUTIBSeyeOB6,,Pal,394210,
23/07/2025 20:29:55,Vansh-Pal-Diploma in Front End Development,Diploma in Front End Development,vansh,6660023993,8880074997,"E-683, Proxy Paradise, Udhna",12th completed ,Old students,Business,Pal,"Tuesday, Thursday, Saturday",01:00 To 02:00,Mansi Mam,443,,07/01/1989,23/07/2025,,,12th commerce,,,Piplod,395001,
24/07/2025 13:17:43,Janvi Lele-Vesu-C Programming,C Programming,Janvi Lele ,9991186184,"9991117317, 7770003131","E-712, Fixture Villa, Pal",10,Relatives ,NA,Vesu,All Days,12:00 To 01:00,Siddharth Sir,282,,20/06/2008,23/07/2025,,,,https://drive.google.com/file/d/1VQkeO1qNOH1Ksjm1nTaXodCjcUTBGE4p/view?usp=drivesdk,https://drive.google.com/open?id=1G0Uuf4jUu6Ra3Hf2X6m8BzoQoqRnLl28,Vesu,395007,
28/07/2025 12:21:39,Isha Vartak-Pal-Adobe Photoshop,Adobe Photoshop,Isha Vartak,+8199900196583,,"G-380, Mocklight Apartments, Jahangirpura",Graduation ,Hoarding ,Freelance,Pal,"Monday, Wednesday, Friday",12:00 To 01:00,Trusha mam,445,ishavartak1247@example.com,09/04/1998,27/07/2025,,,8th std,,,Althan,395006,
01/08/2025 19:10:13,Krupa Ganvir-Vesu-Kids Course,Kids Course,Krupa Ganvir,777009125,9991158851,"A-649, Placeholder Palace, Ghodhod road",11th ,Friends,Student ,Vesu,"Monday, Wednesday, Friday",11:00 To 12:00,Mansi mam,218,NA,28/11/1980,31/07/2025,,,10th completed ,,,Adajan,395007,
05/08/2025 11:45:56,Zeel Phadke-Pal-full stack development,full stack development,Zeel Phadke,9990000092,,"G-561, Trial Towers, Pandesara",11th ,Hoarding ,NA,Pal,All Days,03:00 To 04:00,SUBIN SIR,448,zeelphadke8607@example.com,06/12/1998,03/08/2025,,,8th std,,https://drive.google.com/file/d/1wm9Ef6BHZByXLE97pMVKLbyriS3z3MIe/view?usp=drivesdk,Katargam,394510,
03/08/2025 13:07:00,Samarth Gokhale-Pal-Social Media Marketing (DM-2) (M-2 & M-3),Social Media Marketing (DM-2) (M-2 & M-3),samarth gokhale,8880026097,9991169660,"B-1182, Proxy Paradise, Magdalla",BBA,Walk in,Job,Pal,All Days,04:00 To 05:00,Trusha Mam,450,,04/05/1986,03/08/2025,,,BBA,,https://drive.google.com/file/d/1YU8L13rMpCrdnh9ILxmlT-ov4iUfxH8o/view?usp=drivesdk,Adajan,0194520,
04/08/2025 14:15:57,Priya Ganvir-Vesu-Combo Course (Computer Basics & Advanced Excel with Power BI),Combo Course (Computer Basics & Advanced Excel with Power BI),Ganvir Priya,7770048766,,"E-204, Faux Fortune, Bhatar",Diploma,Social Media ,student,Vesu,"Tuesday, Thursday, Saturday",11:00 To 12:00,Vansh sir,283,itâ€™s_priyaganvir3862@example.in,22/07/2015,04/08/2025,7770070895,,Graduation ,https://drive.google.com/file/d/1tf4sdAk3nZhGPpXWZuG9bTzA9JO65YEJ/view?usp=drivesdk,https://drive.google.com/file/d/1fRisFCFhvjiPCU_0x_iX_bLmotLl1Z1p/view?usp=drivesdk,Pal,0194520,
05/08/2025 19:26:51,Shreya Kelkar-Citylight-Advanced Graphic Designing (6 mths) (with zero module),Advanced Graphic Designing (6 mths) (with zero module),Shreya Kelkar ,9991127927,,"D-826, Example Estate, Pandesara",,Google,Business,Citylight,All Days,01:00 To 02:00,Siddharth sir,220,,03/05/2000,05/08/2025,9991118011,,12th commerce,,,,0194520,
09/08/2025 9:51:16,Advait Paranjape-Vesu-Advanced Excel (M-1 & M-2),Advanced Excel (M-1 & M-2),Paranjape Advait ,8882203639---7770007257,8882220227,,Graduate,,Student ,Vesu,All Days,"02:00 To 03:00, 06:00 To 07:00",Vansh Sir,284,advaitparanjape9310@example.com,22/06/2006,07/08/2025,8882207751,,Bcom,https://drive.google.com/file/d/1Pyxy_tSi9TAzOmFk9gREbHz9dC0JTItA/view?usp=drivesdk,https://drive.google.com/file/d/1Jbt2cIbrcGbueAkM1SCk7YHE8W8Gh2p-/view?usp=drivesdk,Citylight,394210,
07/08/2025 13:59:02,Darsh Lele-Citylight-Video Editing,Video Editing,Darsh Lele,8880021881,6660056905,"F-324, Sample Heights, Varachha",10th completed,,Freelance,Citylight,"Monday, Wednesday, Friday, Tuesday, Thursday, Saturday",06:00 To 07:00,Trusha mam,224,,,07/08/2005,,,8th std,https://drive.google.com/open?id=11jG4d0kcxxEtR1ov9KSb0ldJjRZN8mBM,,Pal,395001,
13/08/2025 10:12:30,Vedant Tembe-Vesu-Data Analysis (Online),Data Analysis (Online),Vedant Tembe,7770091034,,"D-1156, Notional Nivas, Pandesara",B.C.A,Friends,student,Vesu,"Tuesday, Thursday, Saturday",12:00 To 01:00,SUBIN SIR,285,,09/01/1991,11/08/2025,,,12th commerce,,https://drive.google.com/file/d/1IH5zfagifxB2e5E1pp9IPl_5pz48HmMW/view?usp=drive_link,Pandesara,395001,
13/08/2025 14:45:33,Sanya Ranadive-Vesu-Power BI,Power BI,Sanya Ranadive ,9990012540,,,NA,Friends,Student,Vesu,"Monday, Wednesday, Friday",02:00 To 03:00,Trusha,289,,07/12/1980,12/08/2025,,,Graduation ,,,Udhna,395005,
14/08/2025 14:20:12,Tirth Tembe-vesu-Digital Marketing & SEO ,Digital Marketing & SEO ,Tirth Tembe,7770030231,9991161252,"F-1068, Example Estate, Citylight",Post Graduation,Social media,Business / Job,vesu,All Days,03:00 To 04:00,Mansi mam,452,,16/01/2003,14/08/2025,9990036531,,BBA,https://drive.google.com/open?id=16KXmWBX9tQyKYecP1hgIDyFQPAIDnUgV,,Varachha,395005,
16/08/2025 11:10:16,Dhruv Yardi-pal-Advanced Graphic Designing (6 mths),Advanced Graphic Designing (6 mths),Dhruv Yardi ,7770010779,,"E-318, Fixture Villa, Jahangirpura",12,Internet ,Housewife,pal,All Days,07:00 To 08:00,Trusha Mam,291,,,16/08/2025,,,10th completed ,,https://drive.google.com/file/d/1nmB2izko8jQbivGFRyTVZPjGAliMN7Ns/view?usp=drive_link,Palanpur,395007,
23/08/2025 13:37:33,Vansh Oak-Pal-Power BI,Power BI,Vansh Oak ,7770008894,,"G-284, Stub Sankul, Bhatar",10th completed,Walkin,Business / Job,Pal,"Tuesday, Thursday, Saturday",02:00 To 03:00,Vansh sir,453,,27/06/1984,22/08/2025,,,Bcom,https://drive.google.com/file/d/1G4BReD4JL-sCIa4CUWhuNIpvdybLb2Ns/view?usp=drive_link,,Althan,0194520,
02/09/2025 19:53:58,Urvi Mahabal-Pal-Combo Course (Computer Basics & Advanced Excel with Power BI),Combo Course (Computer Basics & Advanced Excel with Power BI),Urvi Mahabal,6660081904,8880085548,"F-1172, Specimen Skyline, Katargam",Bcom,Internet ,Student ,Pal,"Tuesday, Thursday, Saturday",07:00 To 08:00,Trusha mam,454,urvimahabal4862@example.com,09/03/2006,02/09/2025,,,Graduation ,,https://drive.google.com/file/d/1skCdeoTKssog08xGqBZg4Q-fdsG6kZSu/view?usp=drive_link,Palanpur,395017,
09/09/2025 17:17:41,Zeel Kelkar-Pal-Video Editing,Video Editing,zeel kelkar ,9990089860,9991187796,"B-570, Placeholder Palace, New citylight",9,Social Media ,Student,Pal,"Monday, Wednesday, Friday",02:00 To 03:00,Subin Sir,455,,18/05/2017,08/09/2025,,,,https://drive.google.com/file/d/1V2_RzmLxv4n-pnERSiImqfRff8x6tyOT/view?usp=drivesdk,https://drive.google.com/file/d/1v_63N_nPSZP0AyEa2OUKHySM6I96Jmg7/view?usp=drivesdk,Pal,395001,
08/09/2025 13:36:02,Hetvi Deolekar-Citylight-Video Editing,Video Editing,Hetvi Deolekar,09990063919,6660064354,"C-1118, Faux Fortune, Katargam",10th completed,Internet ,Student,Citylight,"Tuesday, Thursday, Saturday",01:00 To 02:00,Subin sir,225,hetvideolekar8838@example.com,,08/09/2025,,,,https://drive.google.com/file/d/1YxLqSceyoC8FQoyNK7GOCQamL9Auhx0k/view?usp=drive_link,https://drive.google.com/open?id=1RH-Z-_n7gPVdxzwab77G4i4rIzVjhtGQ,Althan,0194520,
16/09/2025 13:14:18,Ananya Sahasrabuddhe-Vesu-Scratch Programming,Scratch Programming,Ananya Sahasrabuddhe ,8882287976---7770014714,,"F-1046, Proxy Paradise, Ghodhod road",Bcom,Friends,Freelance,Vesu,"Monday, Wednesday, Friday",01:00 To 02:00,Mansi mam,295,ananyasahasrabuddhe8878@example.com,14/02/2007,16/09/2025,,,Bcom,https://drive.google.com/file/d/1VSAbTVd1_6W-PUgsMoX4QcJD8yCrD2vC/view?usp=drive_link,https://drive.google.com/file/d/1qR_iJWLqXNFVsI10kpQNvP8JaLXx3j3p/view?usp=drive_link,Varachha,395007,
19/09/2025 12:28:03,Naisha Kelkar-Citylight-Basic Graphic Designing,Basic Graphic Designing,Naisha Kelkar,7770074964,,"G-1072, Testvan Residency, Umra",Post Graduation,Social media,Job,Citylight,"Monday, Wednesday, Friday",04:00 To 05:00,Yash sir,228,naishakelkar6178@example.com,19/11/1999,19/09/2025,,,,,,Pandesara,395006,
23/09/2025 14:37:26,Niyati Dhond-Citylight-Computer Basics & Scratch Programming ,Computer Basics & Scratch Programming ,Niyati Dhond,8882231745,9990027574,"G-739, Fixture Villa, Parle point",12,Family,Housewife ,Citylight,"Monday, Wednesday, Friday",03:00 To 04:00,Siddharth sir,229,,03/03/2006,22/09/2025,,,10th completed ,,,Pal,395007,
26/09/2025 17:02:22,Tanish Joglekar-Citylight-10th std school course,10th std school course,Tanish Joglekar,9991123712,+8188800439041,"B-492, Example Estate, Adajan",B.C.A,,Freelance,Citylight,"Monday, Wednesday, Friday",01:00 To 02:00,Siddharth sir,231,tanishjoglekar3356@example.com,09/12/1980,25/09/2025,,,BBA,,,Citylight,395001,
26/09/2025 12:51:54,Devansh Limaye-Vesu-Social Media Marketing (DM-2),Social Media Marketing (DM-2),Devansh Limaye ,8880018606,6660071501,"G-384, Stub Sankul, Citylight",,Banner,Freelance,Vesu,"Tuesday, Thursday, Saturday",05:00 To 06:00,Vansh Sir,296,devanshlimaye4@example.com,,25/09/2025,,,,,https://drive.google.com/file/d/1Wfm2iVp9S-Cv2-LdN-N5TJClmyfWx-6Q/view?usp=drivesdk,Udhna,395005,
25/09/2025 17:51:26,Kavya Chandorkar-Pal-Advanced Graphic Designing (6 mths) (M-1),Advanced Graphic Designing (6 mths) (M-1),Chandorkar Kavya,9991174417,7770081479,"C-264, Faux Fortune, Vesu",11th ,Hoarding ,Teacher,Pal,"Monday, Wednesday, Friday, Tuesday, Thursday, Saturday",04:00 To 05:00,Trusha,456,kavyachandorkar4934@example.com,,25/09/2025,,,8th std,,,Rander,394210,
27/09/2025 14:22:43,Keya Talpade-Vesu-Digital Marketing,Digital Marketing,Keya Talpade,6660078329,8882245443,"E-680, Faux Fortune, Bhatar",Graduate,old student,Business / Job,Vesu,All Days,03:00 To 04:00,Trusha mam,297,keyatalpade877@example.com,04/03/1993,27/09/2025,,,8th std,,,Althan,39500,
01/10/2025 9:04:27,Advait Vartak-Pal-UI & UX development,UI & UX development,Advait Vartak,+8166600076156,99911189861,,Graduation ,Hoarding ,Student ,Pal,All Days,12:00 To 01:00,Subin Sir,0457,"advaitvartak3638@example ,com",20/12/2017,30/09/0025,,,10th completed ,https://drive.google.com/file/d/1jXRsnzIKg2FGa5NPqNg_ZaIIT8qUu_8W/view?usp=drive_link,https://drive.google.com/file/d/1qkm2ksVadTtMpqe6eHRe--r96Nyq7vR2/view?usp=drivesdk,Adajan,395009,
11/10/2025 11:37:04,Sanya Bhide-Vesu-Combo Course (Computer Basics & Advanced Excel with Power BI) (m-1),Combo Course (Computer Basics & Advanced Excel with Power BI) (m-1),sanya bhide,7770006238,,"G-186, Mocklight Apartments, Adajan",10,Social Media ,Business,Vesu,"Tuesday, Thursday, Saturday",12:00 To 01:00,Trusha,298,"sanyabhide6213@example ,com",,10/10/2025,,,Graduation ,https://drive.google.com/file/d/1g-CaVqxtvnKS9WjeMXtsCFC8SHF2HdON/view?usp=drive_link,,Bhatar,0194520,
18/10/2025 11:10:59,Pooja Inamdar-Citylight-Computer Accounting,Computer Accounting,Pooja Inamdar,7770076925,7770018090,"C-1028, Notional Nivas, Udhna",11th ,Indiamart,Business,Citylight,All Days,04:00 To 05:00,Mansi mam,233,,12/06/1993,17-10-2025,,,,,https://drive.google.com/file/d/1a9WJKpAhccvrzdV68kltwynN65yCv8H2/view?usp=drive_link,Rander,395001,
27/10/2025 19:51:08,Vihaan Sahasrabuddhe-Vesu-Digital Marketing & SEO,Digital Marketing & SEO,Vihaan Sahasrabuddhe ,8882256692,,"G-141, Testvan Residency, Palanpur",Graduate,Indiamart,Job,Vesu,"Monday, Wednesday, Friday",02:00 To 03:00,Mansi Mam,299,vihaansahasrabuddhe9254@example.con,,27/10/2025,9990013537,total fees: 27000/-,,,https://drive.google.com/open?id=1A92Bd4IR-fwkLWFEB06E34h-arDvjmvJ,Ghodhod road,395017,
30/10/2025 15:28:07,Riddhi Rege-Vesu-GRAPHIC DESIGNING,GRAPHIC DESIGNING,Riddhi Rege,9990067249,,"B-957, Faux Fortune, Rander",Post Graduation,Friend ,student,Vesu,"Tuesday, Thursday, Saturday",04:00 To 05:00,Trusha Mam,302,,25/08/2004,30/10/2025,,,8th std,,https://drive.google.com/file/d/1DZjaddCQ3AZMc8q5Ww3mJuRkH97b75WT/view?usp=drivesdk,Palanpur,395009,
03/11/2025 18:05:29,Pooja Sathaye-Vesu-Advanced Computer Accounting,Advanced Computer Accounting,Pooja Sathaye (Cancelled),9990065503,,"G-1148, Notional Nivas, Palanpur",10,Family,,Vesu,"Monday, Wednesday, Friday",10:00 To 11:00,Mansi Mam,303,poojasathaye1981@example.com,20/01/1983,02/11/2025,,,,,https://drive.google.com/open?id=1TaEZExuTTov_Kgr8plM7Eprq9LEOjxnO,New citylight,394210,
06/11/2025 11:47:29,Tanvi Velankar-Pal-Advanced Python Programming (5 Modules),Advanced Python Programming (5 Modules),Tanvi Velankar,8882261029,888002550,"A-1041, Testvan Residency, Bhatar",11th ,Indiamart,student,Pal,"Tuesday, Thursday, Saturday",03:00 To 04:00,Siddharth sir,458,NA,18/05/2013,06/11/2025,8882290916,,BBA,,https://drive.google.com/file/d/1tdpD37ILgAMJSsV1reMVEouS3KR3U11s/view?usp=drive_link,Pandesara,394210,
10/11/2025 12:50:43,Priya Chaphekar-Pal-Adobe Photoshop,Adobe Photoshop,Priya Chaphekar,7770025696,8880056776,"F-1009, Notional Nivas, Citylight",10th completed,Reference ,NA,Pal,"Monday, Wednesday, Friday",10:00 To 11:00,Siddharth sir,459,,01/11/1999,10/11/2025,,,8th std,,https://drive.google.com/file/d/1SMvdVsH6Jwih1kRG8zZI2TaGoGPZHEE0/view?usp=drive_link,Parle point,,
15/11/2025 20:03:57,Rudra Ahluwalia-Vesu-C & C++ ,C & C++ ,Rudra Ahluwalia ,8880085013,,"C-1151, Testvan Residency, Palanpur",B.C.A,Walkin,Business,Vesu,"Monday, Wednesday, Friday, Tuesday, Thursday, Saturday",11:00 To 12:00,Subin Sir,304,rudraahluwalia8990@example.com,,15/11/2025,,,Bcom,,https://drive.google.com/file/d/1TE1dROhODZwtn3HJBiake0J6yDzhTOFT/view?usp=drive_link,Piplod,395007,
16/11/2025 13:19:07,Shaurya Rege-Pal-Adobe Photoshop,Adobe Photoshop,Shaurya Rege,+917770027337,,"D-1000, Notional Nivas, Pandesara",10th completed,Social Media ,student,Pal,All Days,01:00 To 02:00,Yash Kanodia Sir,460,,17/01/1980,16/11/2025,,,Bcom,https://drive.google.com/file/d/1m5QC6XkVrIpq4nGNUW3nTN_8X1xgMNyl/view?usp=drivesdk,,Althan,395001,
18/11/2025 9:23:01,Darsh Chaphekar-Pal-Advanced Excel (M-1 & M-2),Advanced Excel (M-1 & M-2),darsh chaphekar,7770036410,8880016309,"C-187, Sandbox Sadan, Althan",10th completed,Old student ,Business,Pal,"Monday, Wednesday, Friday",11:00 To 12:00,Trusha Mam,461,darshchaphekar5829@example.con,02/11/1976,18/11/2025,,,Graduation ,https://drive.google.com/file/d/1hk4F3OCjAfgAoqG2OmPGBEFftSUhsCbE/view?usp=drivesdk,https://drive.google.com/file/d/1uhsrOIYVbmM1DQPdllOSbJxJwrPeAf9u/view?usp=drive_link,,394510,
21/11/2025 18:20:46,Sanya Ranadive-Pal-Advanced Python Programming (5 Modules) (M-2 & M-3),Advanced Python Programming (5 Modules) (M-2 & M-3),Sanya Ranadive,9990012540,,,12th,Friend ,Job,Pal,"Tuesday, Thursday, Saturday",01:00 To 02:00,Vansh sir,463,,07/12/1980,19/11/2025,,Fastrack,Graduation ,https://drive.google.com/file/d/1rx7wRNIThJQpuRj3uoJx2Dfg0mJ_XrKu/view?usp=drive_link,https://drive.google.com/file/d/1dwdMd_6mgktKL5ezxQ8p862rjkeGLuAc/view?usp=drivesdk,Udhna,395005,
21/11/2025 16:43:04,Keya Mahabal-Pal-Video Editing,Video Editing,KEYA MAHABAL,9990046532,888225993,"G-869, Stub Sankul, Citylight",11th ,Walkin,Student ,Pal,"Monday, Wednesday, Friday, Tuesday, Thursday, Saturday",06:00 To 07:00,subin sir,464,keyamahabal3877@example.com,18/06/2007,20/11/2025,,,BBA,,https://drive.google.com/file/d/1J6sp4hn0Y9H6MBTyFpp6eZ7ESghnc0PD/view?usp=drivesdk,Pal,395005,
24/11/2025 12:08:17,Pooja Tembe-Pal-Business Analytics ,Business Analytics ,Pooja Tembe,8880064824,6660055259,"B-163, Demo Enclave, Althan",Na,old student,Business,Pal,All Days,02:00 To 03:00,Mansi mam,465 & 466,poojatembe6868@example.com,12/05/1987,22/11/2025,,,BBA,https://drive.google.com/file/d/1BAONHHj_ZUEwiDyunicP3iqUzkpNVsfn/view?usp=drive_link,,,395006,
27/11/2025 18:35:43,Radhika Bapat-Vesu-Canva ,Canva ,Radhika Bapat,6660077908,9991154560,"C-456, Specimen Skyline, Varachha",12th completed ,Friend ,Freelance,Vesu,"Monday, Wednesday, Friday",04:00 To 05:00,Siddharth Sir,306,radhikabapat6209@example.com,01/02/1992,27/11/2025,8882261099,,10th completed ,,https://drive.google.com/file/d/1HG82HZFRc1tkMOnl7fMCtrcpNIHrvJBt/view?usp=drivesdk,Rander,395006,
07/12/2025 16:20:45,Rudra Ahluwalia-Citylight-Business Analytics,Business Analytics,rudra ahluwalia,8880085013,,"C-1151, Testvan Residency, Palanpur",B.C.A,Family,student,Citylight,All Days,03:00 To 04:00,Mansi mam,234,rudraahluwalia8990@example.com,,07/12/2025,,,,,https://drive.google.com/open?id=1oj-01L512brHKhs7VEgL7Dx7xq28Tbds,Piplod,395007,
10/12/2025 14:37:21,Shaurya Wadekar-Pal-Advanced Graphic Designing (6 mths) ,Advanced Graphic Designing (6 mths) ,Shaurya Wadekar,8880004714,6660096144,"A-418, Demo Enclave, Jahangirpura",9,Old students,Housewife ,Pal,"Monday, Wednesday, Friday, Tuesday, Thursday, Saturday",02:00 To 03:00,Mansi Mam,468,shauryawadekar7337@example.com,24/09/1995,10/12/2025,,,Graduation ,,,Katargam,395005,
13/12/2025 9:46:31,Keya Talpade-Pal-Basic Computer Accounting (module 2 & 3),Basic Computer Accounting (module 2 & 3),Keya Talpade,6660078329,"8882245443, 9990019760","E-680, Faux Fortune, Bhatar",Bcom,Old Enquiry,Student,Pal,"Monday, Wednesday, Friday, Tuesday, Thursday, Saturday",01:00 To 02:00,Vansh Sir,469,keyatalpade877@example.com,,13-12-2025,,,12th commerce,https://drive.google.com/file/d/1uROAdBfQyQqDVsIROnSUixF4_K5R97Tj/view?usp=drive_link,https://drive.google.com/file/d/11j18JFznG80QBNJOIko2NF_vKP_1Rocy/view?usp=drivesdk,Althan,39500,
17/12/2025 16:30:08,Tanvi Velankar-Vesu-C Programming,C Programming,Tanvi Velankar ,+155501055,888002550,"A-1041, Testvan Residency, Bhatar",9th std,Friend ,Freelance,Vesu,"Tuesday, Thursday, Saturday",06:00 To 07:00,Yash sir,308,NA,18/05/2013,16/12/2025,8882290916,,8th std,https://drive.google.com/file/d/1qo2DxmE0SvAElDBfx77kplyh-NneTR0I/view?usp=drive_link,,Pandesara,394210,
28/12/2025 17:25:02,Vedant Ranadive-Citylight-Full Stack Development,Full Stack Development,Vedant Ranadive ,8880098337,7770048552,"E-794, Dummy Darshan, Pandesara",Na,Social Media ,Teacher,Citylight,"Monday, Wednesday, Friday",07:00 To 08:00,Yash k,235,vedantranadive854@example.com,19/04/1991,27/12/2025,,,,,https://drive.google.com/file/d/1mVCUnviWArilpZ5Lv8qx952zL9cCys0Z/view?usp=drive_link,Citylight,,
01/01/2026 12:14:57,Dhruv Tembe-Pal-Python Programming,Python Programming,Dhruv Tembe,9991148965,777009169,"G-374, Mocklight Apartments, Piplod",Na,Friends,NA,Pal,"Tuesday, Thursday, Saturday",11:00 To 12:00,Vansh Sir,470,,13/10/1993,30/12/2025,,,BBA,,https://drive.google.com/file/d/1DqESfxzsqgyF79aJ0SN95vmbNje9ognm/view?usp=drive_link,,,
31/12/2025 20:59:59,Dhruv Tembe-Pal-Video Editing,Video Editing,Dhruv Tembe,8880078664,9990083028,"E-353, Mocklight Apartments, Parle point",11,Indiamart,,Pal,All Days,02:00 To 03:00,subin sir,471,,21/09/1988,30/12/2025,,,Bcom,,https://drive.google.com/file/d/1d9fYXe1xTS6jwT4u2M8Fop4TSqfEsiut/view?usp=drive_link,Pal,305007,
02/01/2026 20:14:13,Mansi-Pal-Advanced Excel (M-1 & M-2),Advanced Excel (M-1 & M-2),Oak Riddhi,9991193043,,"D-693, Mocklight Apartments, Magdalla",11,Old Enquiry,Housewife,Pal,All Days,01:00 To 02:00,Siddharth Sir,473,riddhioak3778@example.com,,02/01/2026,9991117975,,Graduation ,https://drive.google.com/file/d/1DdnK9pQaUQFuLKMPICM3iMwRfY-5QLyH/view?usp=drive_link,https://drive.google.com/file/d/145uuJYKPfkIKoUBHNOei-8WrlJUUUngQ/view?usp=drive_link,Rander,394510,
06/01/2026 13:07:01,Tirth Ganvir-Citylight-10th std school course,10th std school course,Tirth Ganvir,88822049913,7770015306,"G-526, Stub Sankul, Katargam",Graduate,,NA,Citylight,"Tuesday, Thursday, Saturday",11:00 To 12:00,Siddharth sir,240,tirthganvir2083@example.com,,NA,,,12th commerce,,https://drive.google.com/file/d/1Iah1H1WStRLIi8iwKHlqeh6ujSFl2oxP/view?usp=drive_link,New citylight,395009,
11/01/2026 10:57:28,Arnav Bapat-Vesu-12th Computer Science,12th Computer Science,Arnav Bapat,+8199911209234,,"A-121, Notional Nivas, Vesu",10,Banner,Business,Vesu,"Monday, Wednesday, Friday, Tuesday, Thursday, Saturday",03:00 To 04:00,Yash Sir,309 & 310,arnavbapat1288@example.con,05/04/1982,09/01/2026,,,10th completed ,,https://drive.google.com/file/d/11haCaSiwZgtNeKH0J-3cvL7R91WnO1LE/view?usp=drivesdk,Citylight,395005,
11/01/2026 11:11:12,Vedant Tembe-Vesu-Video Editing,Video Editing,Vedant Tembe,7770091034,,"D-1156, Notional Nivas, Pandesara",Na,Banner,Student ,Vesu,"Monday, Wednesday, Friday",03:00 To 04:00,Yash Kanodia Sir,310,,09/01/1991,11-01-2026,,,Bcom,https://drive.google.com/open?id=1Q3p2Y3FFGt148w1XlJwLgKLWFeGQgERn,,Pandesara,395001,
16/01/2026 16:28:47,Niyati Dhond-Vesu-Diploma in Web Development,Diploma in Web Development,Niyati Dhond (cancelled) ,8882231745,+155501090,"G-739, Fixture Villa, Parle point",Graduate,Indiamart,Student,Vesu,All Days,05:00 To 06:00,subin sir,311,,,16/01/2026,,,10th completed ,,https://drive.google.com/file/d/1_OP5cO-6v0xwuMCCLClMooVo39IHA-1Y/view?usp=drive_link,Pal,395007,
19/01/2026 9:36:30,Radhika Bapat-Pal-Full Stack Development (m-1),Full Stack Development (m-1),Radhika Bapat ,6660077908,9991154560,"C-456, Specimen Skyline, Varachha",10th completed,Social media,Student,Pal,All Days,01:00 To 02:00,Siddharth Sir,474,radhikabapat6209@example.com,01/02/1992,19/01/2026,8882261099,,BBA,https://drive.google.com/open?id=18k1F8qHt3GcIh-USsnT4pf6kQe_Dv1ZK,https://drive.google.com/file/d/1guwvPzS6JTx2LtdYPFWwhLqqx1JCTgZ1/view?usp=drivesdk,Rander,395006,
27/01/2026 12:00:02,Zeel Jamdar-Pal-Advance Excel,Advance Excel,Zeel Jamdar,8882260114,9991116952,"E-1101, Notional Nivas, Ghodhod road",Graduate,google,Student ,Pal,"Monday, Wednesday, Friday, Tuesday, Thursday, Saturday",01:00 To 02:00,subin sir,476,,,25/01/2026,6660067395,,Graduation ,,https://drive.google.com/file/d/1THQcJC3u6oAzMgW1_dX9IsACu6m0xgjL/view?usp=drive_link,Pandesara,305007,
06/02/2026 13:18:29,Jiya Dhond-Citylight-Advance Excel,Advance Excel,Jiya Dhond (Cancelled),99-91154464,8880045977,"G-591, Sample Heights, Umra",,Walkin,student,Citylight,All Days,05:00 To 06:00,SUBIN SIR,241,jiyadhond9116@example.com,21/07/1986,05/02/2026,,,Bcom,,,Pandesara,305007,
10/02/2026 17:49:52,Pooja Lele-Vesu-Computer Accounting (6 months),Computer Accounting (6 months),Pooja Lele,8882225261,,"E-872, Dummy Darshan, Pandesara",12th,Friend ,Job,Vesu,All Days,06:00 To 07:00,Yash sir,313,poojalele4391@example.com,25/06/1976,09/02/2026,777001458,,Bcom,,https://drive.google.com/file/d/1AgIyvj8Hf201Kev0VXGxezEEId52Y5FW/view?usp=drivesdk,Pal,394210,
10/02/2026 19:33:48,Aarav Ranadive-Pal-Social Media Marketing (DM-2) (with zero module),Social Media Marketing (DM-2) (with zero module),Aarav Ranadive,+919990091911,,,11th ,Walk in,Freelance,Pal,"Monday, Wednesday, Friday, Tuesday, Thursday, Saturday",05:00 To 06:00,Siddharth sir,478,aaravranadive8591@example.com,12/09/1980,10/02/2026,8880053771,,12th commerce,,https://drive.google.com/file/d/1IDQ_yoB5Q3BtG8Xh1y4Xsp9mGWafQ39k/view?usp=drive_link,Althan,395005,
12/02/2026 17:53:31,Tanish Karnik-Pal-C & C++ (6 months),C & C++ (6 months),Tanish Karnik ,6660017906,6660068055,"F-167, Sandbox Sadan, Citylight",Graduate,Reference ,NA,Pal,"Tuesday, Thursday, Saturday",01:00 To 02:00,Yash k,479,,,12/02/2026,+155501022,,12th commerce,,https://drive.google.com/file/d/1c97khqmL8m1OWFGRqjRjHSDH227BQkBw/view?usp=drive_link,Pandesara,395017,
12/02/2026 10:53:41,Lakshya Gokhale-Citylight-11th IP,11th IP,Lakshya Gokhale,9991158546,,"G-496, Stub Sankul, Umra",12th,,NA,Citylight,"Tuesday, Thursday, Saturday",03:00 To 04:00,Yash sir,242,lakshyagokhale8893@example.com,24/08/0094,12/02/2026,,,8th std,,https://drive.google.com/file/d/1_17fgEKZ-MvUHvZ2KPCXI4Nmi35h9z78/view?usp=drive_link,,394510,
17/02/2026 16:21:09,Charvi Limaye-Vesu-Basic Computer Accounting,Basic Computer Accounting,Charvi Limaye,9991138721,8880028245,"G-369, Fixture Villa, New citylight",Bcom,Indiamart,Freelance,Vesu,"Monday, Wednesday, Friday",04:00 To 05:00,Subin Sir,314-1,,03/09/2017,15/02/2026,,,Graduation ,https://drive.google.com/file/d/1-P2O0NJ3EqKB_iWCrSzotFsASyi4QxDI/view?usp=drivesdk,,Katargam,394210,
19/02/2026 18:13:05,Namra Sahasrabuddhe-Citylight-Kids Course (module 2 & 3),Kids Course (module 2 & 3),Namra Sahasrabuddhe,+8188800423745,7770039655,"F-563, Dummy Darshan, Ghodhod road",Post Graduation,Social Media ,Student ,Citylight,All Days,01:00 To 02:00,subin sir,243,namrasahasrabuddhe9031@example.com,,19/02/2026,,,8th std,,,Piplod,395005,
19/02/2026 13:04:59,Manan Inamdar-Pal-UI & UX DEVELOPMENT,UI & UX DEVELOPMENT,Manan Inamdar,9990076248,,"F-928, Fixture Villa, Piplod",Graduation ,NA,student,Pal,All Days,02:00 To 03:00,Siddharth Sir,316,,13/02/1996,19/02/2026,8880051777,,8th std,,https://drive.google.com/file/d/1WhAEP7tGChdZWD1rKy7LOeOcY6jDr_Y4/view?usp=drive_link,Citylight,0194520,
09/03/2026 19:53:14,Kavya Dandekar-Citylight-PYTHON OOP,PYTHON OOP,Kavya Dandekar,7770088314,,"B-981, Notional Nivas, Rander",12th completed ,Indiamart,Other ,Citylight,"Monday, Wednesday, Friday, Tuesday, Thursday, Saturday",07:00 To 08:00,Mansi mam,246,kavyadandekar7970@example.com,26/01/1992,09/03/2026,,,BBA,,https://drive.google.com/open?id=1G7v9WrUH2IaegDDuT3kAQQAbDyph8sIa,Bhatar,39500,
20/03/2026 17:42:54,Ishan Sathaye-Pal-Professional Office & Generative AI Essentials module 2,Professional Office & Generative AI Essentials module 2,Ishan Sathaye,9991141116,7770000460,,Diploma,Old Students,Teacher,Pal,"Monday, Wednesday, Friday","11:00 To 12:00, 11:00 To 12:00",Trusha Mam,481,ishansathaye4697@example.com,15/09/2010,20/03/2026,,,BBA,https://drive.google.com/file/d/1t6kFeItcatwJJ0TxHxZMtHwo_JFSI6X4/view?usp=drivesdk,https://drive.google.com/open?id=1CO8G4p6_KlqVj9rfThKKwvsODx9qDuCA,Rander,395005,
29/03/2026 12:01:53,Jainam Bhide-Pal-Canva module 2,Canva module 2,Jainam Bhide,6660047369,,"G-846, Example Estate, Pal",NA,Friends,Business / Job,Pal,"Monday, Wednesday, Friday, Tuesday, Thursday, Saturday",10:00 To 11:00,Vansh Sir,483,jainambhide3680@example.com,25/02/1986,29/03/2026,9990049094,,10th completed ,,,Udhna,395006,
01/04/2026 11:26:12,Naisha Kelkar-Citylight-Adv. Cert. in Data Analytics & Data Science,Adv. Cert. in Data Analytics & Data Science,Naisha Kelkar,7770034959,,"C-633, Notional Nivas, Citylight",Post Graduation,Friends,Business / Job,Citylight,"Monday, Wednesday, Friday, Tuesday, Thursday, Saturday",02:00 To 03:00,Trusha Mam,248,,17/11/1975,30/03/2026,,,10th completed ,,,Pal,0194520,
05/04/2026 17:20:39,Riddhi Inamdar-Pal-Ecommerce Developer & SEO Specialist Program (Online),Ecommerce Developer & SEO Specialist Program (Online),Riddhi Inamdar,7770061689,9991157160,,12th Standard,Others,Other ,Pal,"Monday, Wednesday, Friday",11:00 To 12:00,Vansh Sir,320,,,05/04/2026,9991166981,Fastrack,Graduation ,,,Katargam,0194520,
09/04/2026 12:36:22,Jainam Jamdar-Pal-Advanced Excel,Advanced Excel,Jainam Jamdar,6660098104,,"E-1140, Stub Sankul, Piplod",10th Standard,Online (Google / Social Media),Business,Pal,"Monday, Wednesday, Friday",03:00 To 04:00,Yash Sir,484,,,09/04/2026,9991153532,,8th std,,https://drive.google.com/open?id=1RPcV5ErTbEGGN9TuXJL_DC6ClY_JgGpb,Bhatar,,
15/04/2026 9:45:35,Tanish Joglekar-Vesu-12th computer science,12th computer science,Tanish Joglekar,9991123712,8880043904,"B-492, Example Estate, Adajan",Graduation,Google/Social Media,student,Vesu,"Monday, Wednesday, Friday, Tuesday, Thursday, Saturday",03:00 To 04:00,Trusha Mam,321 & 322,tanishjoglekar3356@example.com,,14/04/2026,,,10th completed ,,,Citylight,395001,
15/04/2026 11:18:29,Riddhi Phadke-Citylight-advanced excel & power bi,advanced excel & power bi,Riddhi Phadke,8882298393,8880051477,"E-679, Trial Towers, Piplod",12th Standard,Friends,Housewife ,Citylight,All Days,07:00 To 08:00,Yash sir,250,,18/04/2007,15/04/2026,,,Graduation ,,,Pandesara,394510,
20/04/2026 15:50:01,Bhavya Paranjape-Citylight-Social Media Content & Ad Architect,Social Media Content & Ad Architect,Bhavya Paranjape,8882209985,9990078411,"B-160, Placeholder Palace, Udhna",11th Grade,Google/Social Media,Student ,Citylight,"Monday, Wednesday, Friday, Tuesday, Thursday, Saturday",10:00 To 11:00,subin sir,251,bhavyaparanjape8540@example.com,18/11/0074,18/04/2026,8880014301,Fastrack,Graduation ,https://drive.google.com/file/d/1xjDA7D7BLrTHtSq2-PwukVHqy6BZOa4S/view?usp=drive_link,https://drive.google.com/open?id=14QLkyszlYpNRpcRMg0-O_42WYeeNQN0z,,39500,
24/04/2026 9:08:49,Priya Hardikar-Citylight-Agentic AI & Automation Specialist,Agentic AI & Automation Specialist,Priya Hardikar,9991112168,,"G-315, Fixture Villa, Katargam",Graduation,Google/Social Media,,Citylight,"Monday, Wednesday, Friday, Tuesday, Thursday, Saturday",12:00 To 01:00,Subin Sir,252,priyahardikar3160@example.com,19/06/2002,23/04/2026,,,10th completed ,,https://drive.google.com/open?id=18SoDjDDBEu-RmBuBMyBKtmtnvqtk7iR7,Parle point,395017,
01/05/2026 19:13:16,Yashvi Lele-Pal-Ecommerce Developer & SEO Specialist Program,Ecommerce Developer & SEO Specialist Program,Yashvi Lele,8882278874,,,In School,Others,Housewife,Pal,"Tuesday, Thursday, Saturday",06:00 To 07:00,vansh sir,486,yashvilele4117@example.com,,01/05/2026,,,12th commerce,,https://drive.google.com/open?id=1G9DARDidpTNJiOVI9eq0s0qFRz-3lHPz,Udhna,395006,
02/05/2026 20:44:46,Siddhi Ubhaykar-Pal-Advanced Graphic Designing (6 months),Advanced Graphic Designing (6 months),Siddhi Ubhaykar,77700904500,8880047374,"B-485, Specimen Skyline, Umra",10th Standard,Hoarding / Banners / Walk ins,NA,Pal,"Tuesday, Thursday, Saturday",10:00 To 11:00,Yash Sir,487,siddhiubhaykar5260@example.com,,02/05/2026,777002928,,BBA,https://drive.google.com/file/d/1gGa2Gn4QX5u5GVmYJz8fhoIqVTC_-4X7/view?usp=drive_link,https://drive.google.com/file/d/1FOIsZuFbAg-M8AwOW7lD5YbdlJKrAN7w/view?usp=drivesdk,Ghodhod road,,
04/05/2026 11:36:55,Mahek Ranadive-Vesu-Advanced Data Analytics,Advanced Data Analytics,Ranadive Mahek,6660085812,,"G-803, Specimen Skyline, Piplod",5th,NA,Business / Job,Vesu,All Days,06:00 To 07:00,Mansi mam,322,,13/05/1991,04/05/2026,7770085026,,BBA,https://drive.google.com/file/d/1IqiKDqjoQKdqxro4p1iirWFMh4EKUpIx/view?usp=drivesdk,,Umra,395005,
08/05/2026 18:54:33,Tirth Tembe-Pal-Advanced Data Analytics,Advanced Data Analytics,TIRTH TEMBE,7770030231,99-91161252,"F-1068, Example Estate, Citylight",5th,NA,Business,Pal,"Monday, Wednesday, Friday",03:00 To 04:00,Yash Sir,489,,,07/05/2026,9990036531,,10th completed ,,,Varachha,395005,
20/05/2026 15:56:16,Tirth Tembe-Pal-Tally Prime with GST,Tally Prime with GST,tirth tembe ,7770030231,9991161252,"F-1068, Example Estate, Citylight",Post Graduation,Online (Google / Social Media),Job,Pal,"Monday, Wednesday, Friday",11:00 To 12:00,Yash sir,491,,,20/05/2026,9990036531,,8th std,,https://drive.google.com/open?id=1P7XhHGMJZioCzEA36YGICCgxiBdf1qeZ,Varachha,395005,Yes
22/05/2026 15:18:30,Jiya Sahasrabuddhe-Citylight-Advanced Certificate in Data Analytics & Data Science,Advanced Certificate in Data Analytics & Data Science,Jiya Sahasrabuddhe,6660007654,,"A-1119, Faux Fortune, Vesu",In college,Hoarding / Banners / Walk ins,Job,Citylight,"Tuesday, Thursday, Saturday",10:00 To 11:00,Mansi Mam,254,jiyasahasrabuddhe2722@example.com,13/04/2016,22/05/2026,,,10th completed ,https://drive.google.com/file/d/1iHBBeNdbkN8lfxrUy5hV2X8iwSdRxK9D/view?usp=drivesdk,https://drive.google.com/open?id=11WQZ_xBk_cG2ywCfpIE_NMeNvyPm9Crd,Umra,395009,Yes
23/05/2026 12:40:33,Raghav Nadkarni-Citylight-Professional Office & Generative AI Essentials,Professional Office & Generative AI Essentials,Raghav Nadkarni,88-80027969,6660034248,"G-1045, Example Estate, Citylight",Graduation,Online (Google / Social Media),Freelance,Citylight,"Monday, Wednesday, Friday",10:00 To 11:00,Yash Sir,256,raghavnadkarni5272@example.com,,23/05/2026,6660043458,,10th completed ,,https://drive.google.com/file/d/1RicRysxINZJCZO3jh7pcYz6U9KTB3x_5/view?usp=drivesdk,,394210,Yes
25/05/2026 16:50:19,Tanish Lele-Citylight-ECOMMERCE DEVELOPER & SEO SPECIALIST PROGRAM,ECOMMERCE DEVELOPER & SEO SPECIALIST PROGRAM,Tanish Lele ,7770005129,8880031866,"G-879, Trial Towers, Udhna",Post Graduation,Old Students,Student ,Citylight,All Days,05:00 To 06:00,Siddharth sir,257,tanishlele2407@example.com,07/09/2006,25/05/2026,,,,https://drive.google.com/file/d/1CCyNfUkC_sVAy5j0m6WZmjLnsk6nB2E3/view?usp=drive_link,https://drive.google.com/file/d/1ebLLnFisM_gnUH0E4r4oCxmsRWPVpbxj/view?usp=drivesdk,Varachha,395009,Yes
05/06/2026 18:52:20,Aarav Jamdar-Citylight-Social Media Content & Ad Architect,Social Media Content & Ad Architect,Aarav Jamdar ,9991182813,9991110841,"C-595, Trial Towers, Umra",5th,NA,student,Citylight,"Monday, Wednesday, Friday, Tuesday, Thursday, Saturday",03:00 To 04:00,Mansi Mam,325,,03/08/2016,04/06/2026,6660018337,,10th completed ,,https://drive.google.com/file/d/11C1RMxI5AI8CakowxDRDLzynsGxziVp6/view?usp=drivesdk,Bhatar,395009,No
04/06/2026 20:23:34,Urvi Mahabal-Vesu-Tally Prime with GST,Tally Prime with GST,URVI MAHABAL,6660081904,8880085548,"F-1172, Specimen Skyline, Katargam",In School,Google/Social Media,Business,Vesu,"Monday, Wednesday, Friday, Tuesday, Thursday, Saturday",11:00 To 12:00,vansh sir,327,urvimahabal4862@example.com,09/03/2006,04/06/2026,,,BBA,,,Palanpur,395017,Yes
06/06/2026 16:41:26,Mihir Bapat-Vesu-Computer Basics & Generative AI Foundation,Computer Basics & Generative AI Foundation,Mihir Bapat ,888007230,,"A-772, Demo Enclave, Udhna",12th Standard,Hoarding / Banners / Walk ins,student,Vesu,"Monday, Wednesday, Friday",05:00 To 06:00,Vansh Sir,258,mihirbapat3403@example.com,17/05/0098,05/06/2026,,,10th completed ,,https://drive.google.com/file/d/1p1B2lvXCZY9_VLe6Mtol_BLMbPGFTSSK/view?usp=drive_link,Katargam,,Yes
08/06/2026 10:48:39,Vedant Chandorkar-Pal-BUSINESS ANALYTICS,BUSINESS ANALYTICS,Vedant Chandorkar,8882221840,9990000411,"G-188, Demo Enclave, Umra",In School,Others,Housewife ,Pal,"Monday, Wednesday, Friday, Tuesday, Thursday, Saturday",01:00 To 02:00,Trusha mam,492,vedantchandorkar2883@example.com,03/01/2008,08/06/2026,,,,https://drive.google.com/file/d/1qCwUt-_MpjaodBZ0XKOB-Bxxs2R8IAQu/view?usp=drive_link,https://drive.google.com/file/d/1LaddkMkAeXyc7mkU5g3rC1nOVCoRu9ve/view?usp=drivesdk,Rander,394210,Yes
09/06/2026 13:10:50,Pooja Lele-Citylight-Basic Graphic Designing,Basic Graphic Designing,Pooja Lele,8882225261,,"E-872, Dummy Darshan, Pandesara",Graduation,Friends,NA,Citylight,"Monday, Wednesday, Friday",03:00 To 04:00,Subin sir,260,poojalele4391@example.com,,08/06/2026,7770014583,,BBA,,https://drive.google.com/file/d/1qEUt2Xqnvaz0gIE5AZlzZydU6c78QI9_/view?usp=drive_link,Pal,394210,No
13/06/2026 12:41:05,,AI & DATA SCIENCE PROFESSIONAL,Kavya Chandorkar,9991174417,7770081479,"C-264, Faux Fortune, Vesu",Graduation,Online (Google / Social Media),Job,Vesu,"Tuesday, Thursday, Saturday",05:00 To 06:00,Trusha mam,329,kavyachandorkar4934@example.com,,12/06/2026,,,8th std,https://drive.google.com/file/d/18f0KU3BRMkW_WEn9UhW1EGgkIjkR8_aQ/view?usp=drive_link,https://drive.google.com/file/d/1vmnPOVd5NbQ8gRN1lWpR0YTCGxVyNVEv/view?usp=drivesdk,Rander,394210,Yes
19/06/2026 17:28:49,,Canva,Vihaan Sahasrabuddhe,8882256692,,"G-141, Testvan Residency, Palanpur",Graduation,Friends,Business,Pal,"Monday, Wednesday, Friday",10:00 To 11:00,Mansi mam,493,vihaansahasrabuddhe9254@example.con,,18/06/2026,9990013537,60+,12th commerce,,https://drive.google.com/file/d/1ewNh3TUBjd8IXX9NlRRtCFvxiI2-tCxv/view?usp=drivesdk,Ghodhod road,395017,No
18/06/2026 12:08:33,,Canva,Niyati Marathe,9990050279,9990080637,"B-1067, Proxy Paradise, Katargam",Diploma,Hoarding / Banners / Walk ins,Business,Citylight,"Monday, Wednesday, Friday, Tuesday, Thursday, Saturday",07:00 To 08:00,Siddharth Sir,262,,,18/06/2026,,,8th std,https://drive.google.com/file/d/1k6Lbo_k32sAqpFWGMj7uu9JohW3wp5Pj/view?usp=drive_link,,Jahangirpura,395017,Yes
21/06/2026 11:34:04,,Professional Office & Generative AI Essentials,Lakshya Gokhale,9991158546,,"G-496, Stub Sankul, Umra",10th Standard,Google/Social Media,Housewife ,Vesu,"Tuesday, Thursday, Saturday",01:00 To 02:00,Subin sir,331,lakshyagokhale8893@example.com,24/08/1994,,,,12th commerce,https://drive.google.com/file/d/1NpB_MSFKRw1KFAq-EX_PlfoWyEFbKDa8/view?usp=drivesdk,,,394510,No
23/06/2026 15:39:10,,Social Media Content & Ad Architect,Hetvi Gokhale,8882227279,9991120178,"C-938, Synthetic Square, Althan",In School,Online (Google / Social Media),Student ,Vesu,"Monday, Wednesday, Friday, Tuesday, Thursday, Saturday",04:00 To 05:00,Siddharth Sir,"332,333",hetvigokhale2273@example.com,09/03/2016,23/06/2026,8880068531,,Bcom,https://drive.google.com/file/d/1F-Mjw4fhx0zEtkx5AFDibQdWrrI-qDGn/view?usp=drive_link,,Jahangirpura,39500,No
30/06/2026 11:35:32,,Advanced Excel & Power BI,Niyati Marathe,9990050279,9990080637,"B-1067, Proxy Paradise, Katargam",Graduation,Others,Freelance,Vesu,"Monday, Wednesday, Friday",06:00 To 07:00,Siddharth Sir,333,,,30/06/2026,,,12th commerce,https://drive.google.com/open?id=1QliF3dIuba2_1bCUqv6CjJ9JMiwVHwYZ,,Jahangirpura,395017,No
08/07/2026 11:05:42,,Tally Prime with GST ,Shreya Ranadive (cancelled),999110223,8882246232,"G-1164, Trial Towers, Parle point",Graduation,Online (Google / Social Media),NA,Citylight,"Tuesday, Thursday, Saturday",03:00 To 04:00,Siddharth sir,264,,,06/07/2026,,,Bcom,https://drive.google.com/file/d/1ElpeQ4hHkLbtghUromHsD6obmpOimAGK/view?usp=drivesdk,https://drive.google.com/file/d/1iEPIeLfKi9srp5IOxlmmjbhzB6YKx5hF/view?usp=drive_link,Bhatar,394210,No
08/07/2026 18:48:19,,Advanced Certificate in Data Analytics & Data Science,Zeel Vartak ,8882289641,09991174716,"G-1044, Synthetic Square, Citylight",Graduation,Online (Google / Social Media),,Citylight,All Days,12:00 To 01:00,Siddharth Sir,265,zeelvartak7920@example.com,16/08/1991,08/07/2026,,,,https://drive.google.com/file/d/11GsXkBuiPmfa6s7zczlPzAuB4HVBQVxE/view?usp=drivesdk,,Pal,395005,No
11/07/2026 16:07:27,,tally prime with gst,Kavya Inamdar,8882218327,9991164842,"F-988, Specimen Skyline, Bhatar",10th Standard,NA,student,Vesu,All Days,07:00 To 08:00,Siddharth sir,334,,11/12/1994,11/07/2026,,,12th commerce,,,Adajan,395001,Yes
16/07/2026 10:57:58,,ADVANCED EXCEL,Nene Rudra,9991159261,9991110624,"F-182, Synthetic Square, Pandesara",Diploma,Old Students,Other ,Pal,"Monday, Wednesday, Friday",10:00 To 11:00,Subin Sir,494,rudranene7224@example.com,,14/07/2026,,,,https://drive.google.com/file/d/1-0pv-MkZAwpJwt2MMxw6pAGRW-jSSMsd/view?usp=drivesdk,,Pandesara,395017,Yes
25/07/2026 16:00:39,,advanced excel,Priya Ranadive,8882238616,9991188583,"C-592, Dummy Darshan, Parle point",In college,Others,Business,Citylight,All Days,"03:00 To 04:00, 03:00 To 04:00",Yash Kanodia Sir,267,,19/06/1987,25/07/2026,8882234977,,8th std,https://drive.google.com/file/d/16tB8j4-Wb-32B6YH42oKlXl9JxXD5w4D/view?usp=drivesdk,https://drive.google.com/open?id=1N2cJYufzWak78TJfZoY7ZPR3gXMsVOm_,Piplod,395017,No
30/07/2026 20:30:05,,Canva,Anish Deolekar (admission Cenceled),8880084127,,"A-1078, Example Estate, Citylight",In School,Others,,Pal,"Tuesday, Thursday, Saturday",07:00 To 08:00,Mansi Mam,336,anishdeolekar3404@example.com,09/01/1973,30/07/2026,,,BBA,,https://drive.google.com/file/d/1MgjZOKx6HXIXoSKlFdX0ufKTcrqQ8YmV/view?usp=drive_link,Palanpur,395001,No
